userId,itemId,rating
0,487,1.0
0,5983,1.0
0,712,1.0
0,7619,1.0
0,866,1.0
0,5255,1.0
1,4896,1.0
1,5828,1.0
1,4892,1.0
1,5953,1.0
2,2888,1.0
2,5167,1.0
2,7825,1.0
3,165,1.0
3,6076,1.0
3,3338,1.0
3,902,1.0
4,5719,1.0
4,2413,1.0
4,4756,1.0
4,518,1.0
4,7797,1.0
4,547,1.0
4,6068,1.0
5,4343,1.0
5,1505,1.0
5,39,1.0
5,1492,1.0
5,6685,1.0
5,5413,1.0
6,1812,1.0
6,548,1.0
6,6382,1.0
7,2631,1.0
7,4206,1.0
7,6176,1.0
7,2120,1.0
7,5742,1.0
7,4757,1.0
8,6099,1.0
8,6037,1.0
8,3734,1.0
8,1114,1.0
8,3008,1.0
9,6781,1.0
9,7266,1.0
9,2724,1.0
9,2032,1.0
9,2835,1.0
10,3726,1.0
10,5593,1.0
10,7575,1.0
10,4516,1.0
10,5066,1.0
10,5694,1.0
11,1741,1.0
11,2195,1.0
11,4188,1.0
11,179,1.0
11,5353,1.0
12,2918,1.0
12,5681,1.0
12,1164,1.0
13,7291,1.0
13,3253,1.0
13,7256,1.0
13,6338,1.0
13,529,1.0
13,7246,1.0
14,5187,1.0
14,1154,1.0
14,1266,1.0
14,2455,1.0
14,1084,1.0
15,6539,1.0
15,224,1.0
15,7210,1.0
15,2749,1.0
15,6692,1.0
16,704,1.0
16,4585,1.0
16,2977,1.0
16,2257,1.0
16,3206,1.0
17,4549,1.0
17,116,1.0
17,6003,1.0
17,5437,1.0
17,3774,1.0
17,733,1.0
18,3383,1.0
18,2388,1.0
18,4420,1.0
18,4491,1.0
18,2234,1.0
18,5466,1.0
19,914,1.0
19,924,1.0
19,1784,1.0
19,4165,1.0
19,4401,1.0
20,3070,1.0
20,2274,1.0
20,1084,1.0
21,6573,1.0
21,6685,1.0
21,5205,1.0
22,5850,1.0
22,4371,1.0
22,2152,1.0
22,7079,1.0
22,3255,1.0
22,4294,1.0
22,5303,1.0
23,5037,1.0
23,6901,1.0
23,5077,1.0
24,2600,1.0
24,5945,1.0
24,5000,1.0
24,4260,1.0
24,5165,1.0
24,3858,1.0
24,1331,1.0
25,4717,1.0
25,1505,1.0
25,7857,1.0
26,3830,1.0
26,4196,1.0
26,4375,1.0
26,6443,1.0
26,6260,1.0
27,6509,1.0
27,45,1.0
27,1019,1.0
28,5953,1.0
28,5986,1.0
28,2530,1.0
29,5488,1.0
29,5147,1.0
29,6737,1.0
30,1439,1.0
30,7054,1.0
30,950,1.0
30,4024,1.0
30,5681,1.0
30,1858,1.0
30,6359,1.0
31,3696,1.0
31,3973,1.0
31,1443,1.0
31,5349,1.0
32,5853,1.0
32,1053,1.0
32,5267,1.0
32,3355,1.0
32,416,1.0
32,153,1.0
33,3024,1.0
33,507,1.0
33,6764,1.0
34,6070,1.0
34,3320,1.0
34,4413,1.0
35,4080,1.0
35,1482,1.0
35,3985,1.0
35,3482,1.0
36,2252,1.0
36,4617,1.0
36,3791,1.0
36,2124,1.0
36,1497,1.0
37,1164,1.0
37,1440,1.0
37,3006,1.0
37,6695,1.0
38,2715,1.0
38,2213,1.0
38,4493,1.0
38,4959,1.0
38,823,1.0
38,2509,1.0
39,6303,1.0
39,762,1.0
39,1362,1.0
39,1983,1.0
39,5348,1.0
39,169,1.0
39,5535,1.0
40,3209,1.0
40,7534,1.0
40,5094,1.0
41,3273,1.0
41,1439,1.0
41,5735,1.0
41,4474,1.0
41,217,1.0
41,4232,1.0
41,6057,1.0
42,3949,1.0
42,5869,1.0
42,4395,1.0
42,7469,1.0
43,3181,1.0
43,5471,1.0
43,5359,1.0
43,2031,1.0
43,373,1.0
44,4440,1.0
44,881,1.0
44,2299,1.0
44,5023,1.0
45,587,1.0
45,7097,1.0
45,6614,1.0
45,3549,1.0
45,5047,1.0
45,611,1.0
46,5312,1.0
46,4577,1.0
46,7765,1.0
46,341,1.0
47,2395,1.0
47,4630,1.0
47,1047,1.0
47,5923,1.0
47,5030,1.0
47,2770,1.0
48,6432,1.0
48,7041,1.0
48,1098,1.0
49,4245,1.0
49,619,1.0
49,4356,1.0
49,5806,1.0
49,4672,1.0
49,4937,1.0
50,6897,1.0
50,1489,1.0
50,6006,1.0
50,3618,1.0
50,1768,1.0
50,7795,1.0
50,1362,1.0
51,6814,1.0
51,947,1.0
51,4369,1.0
52,6690,1.0
52,5211,1.0
52,395,1.0
52,6968,1.0
52,2570,1.0
52,1782,1.0
53,63,1.0
53,1049,1.0
53,6544,1.0
53,6046,1.0
53,2344,1.0
53,6777,1.0
53,3447,1.0
54,1966,1.0
54,6980,1.0
54,2500,1.0
54,6258,1.0
54,5484,1.0
54,4667,1.0
54,1105,1.0
55,1328,1.0
55,3544,1.0
55,4899,1.0
56,3629,1.0
56,3209,1.0
56,2294,1.0
56,6208,1.0
56,7132,1.0
56,6130,1.0
57,5852,1.0
57,480,1.0
57,3162,1.0
57,6817,1.0
57,4998,1.0
57,1321,1.0
57,2945,1.0
58,3861,1.0
58,6424,1.0
58,3765,1.0
58,368,1.0
59,3238,1.0
59,2202,1.0
59,328,1.0
59,7872,1.0
60,5722,1.0
60,7044,1.0
60,3480,1.0
60,2889,1.0
60,277,1.0
60,403,1.0
60,55,1.0
61,1414,1.0
61,3598,1.0
61,954,1.0
62,1506,1.0
62,5644,1.0
62,4123,1.0
62,1467,1.0
62,5196,1.0
63,5268,1.0
63,7599,1.0
63,11,1.0
63,4859,1.0
63,4461,1.0
64,4865,1.0
64,2640,1.0
64,6923,1.0
65,2502,1.0
65,4780,1.0
65,2925,1.0
65,3468,1.0
65,3197,1.0
65,7393,1.0
66,6031,1.0
66,448,1.0
66,6402,1.0
66,7092,1.0
67,6428,1.0
67,1278,1.0
67,4290,1.0
67,5439,1.0
67,4276,1.0
67,5308,1.0
68,2817,1.0
68,532,1.0
68,3227,1.0
68,1586,1.0
68,199,1.0
69,6598,1.0
69,359,1.0
69,4480,1.0
70,115,1.0
70,5851,1.0
70,7715,1.0
70,1914,1.0
70,7650,1.0
70,6481,1.0
70,5087,1.0
71,876,1.0
71,7754,1.0
71,5464,1.0
71,722,1.0
71,4026,1.0
71,7801,1.0
71,7167,1.0
72,2619,1.0
72,4286,1.0
72,2865,1.0
72,3807,1.0
73,7921,1.0
73,3841,1.0
73,4870,1.0
73,1278,1.0
73,7381,1.0
73,1261,1.0
74,5389,1.0
74,2505,1.0
74,5191,1.0
74,1324,1.0
75,4914,1.0
75,1192,1.0
75,644,1.0
75,891,1.0
75,3286,1.0
76,5660,1.0
76,2444,1.0
76,882,1.0
76,2104,1.0
76,5909,1.0
76,4045,1.0
77,2024,1.0
77,4923,1.0
77,1485,1.0
77,4723,1.0
77,2026,1.0
78,2950,1.0
78,7130,1.0
78,4933,1.0
78,7834,1.0
78,6020,1.0
78,2959,1.0
79,1859,1.0
79,7102,1.0
79,3093,1.0
80,7492,1.0
80,7053,1.0
80,7627,1.0
80,5644,1.0
80,4775,1.0
81,1325,1.0
81,3365,1.0
81,3777,1.0
81,5549,1.0
82,3714,1.0
82,2644,1.0
82,3262,1.0
82,5975,1.0
82,3263,1.0
83,346,1.0
83,7800,1.0
83,7024,1.0
84,2095,1.0
84,6757,1.0
84,1313,1.0
85,5829,1.0
85,7310,1.0
85,6075,1.0
85,7582,1.0
85,57,1.0
85,5351,1.0
85,4410,1.0
86,333,1.0
86,3058,1.0
86,5602,1.0
86,7781,1.0
87,7414,1.0
87,6813,1.0
87,309,1.0
87,7159,1.0
87,5720,1.0
87,7522,1.0
88,6371,1.0
88,1266,1.0
88,1939,1.0
88,752,1.0
89,3666,1.0
89,5464,1.0
89,6918,1.0
90,1362,1.0
90,6042,1.0
90,5469,1.0
90,6620,1.0
91,784,1.0
91,6701,1.0
91,2814,1.0
92,1497,1.0
92,1091,1.0
92,6440,1.0
92,3875,1.0
92,367,1.0
93,4704,1.0
93,3218,1.0
93,3724,1.0
93,2814,1.0
93,7418,1.0
93,5550,1.0
93,7351,1.0
94,7658,1.0
94,390,1.0
94,7524,1.0
95,3129,1.0
95,2727,1.0
95,5890,1.0
95,248,1.0
95,581,1.0
96,660,1.0
96,7213,1.0
96,2047,1.0
96,5044,1.0
96,1217,1.0
97,5881,1.0
97,3556,1.0
97,3155,1.0
97,6996,1.0
98,3573,1.0
98,6842,1.0
98,5081,1.0
98,7488,1.0
99,7877,1.0
99,807,1.0
99,6079,1.0
99,2890,1.0
99,7606,1.0
99,2112,1.0
99,6051,1.0
100,4492,1.0
100,1767,1.0
100,1001,1.0
100,663,1.0
100,5166,1.0
100,4343,1.0
100,637,1.0
101,5999,1.0
101,1701,1.0
101,4411,1.0
101,5188,1.0
101,6709,1.0
102,4606,1.0
102,7586,1.0
102,2958,1.0
102,1577,1.0
102,3023,1.0
102,6464,1.0
102,1410,1.0
103,432,1.0
103,7848,1.0
103,6031,1.0
103,1114,1.0
104,5513,1.0
104,2436,1.0
104,1225,1.0
105,3886,1.0
105,1112,1.0
105,1646,1.0
105,4746,1.0
105,228,1.0
105,5138,1.0
106,5458,1.0
106,1047,1.0
106,6625,1.0
106,18,1.0
106,6622,1.0
106,2125,1.0
106,3845,1.0
107,2711,1.0
107,5622,1.0
107,2125,1.0
107,68,1.0
107,187,1.0
108,803,1.0
108,4941,1.0
108,3163,1.0
108,1434,1.0
108,5750,1.0
108,3942,1.0
109,6014,1.0
109,2643,1.0
109,2917,1.0
109,4830,1.0
109,2129,1.0
109,993,1.0
109,7230,1.0
110,2674,1.0
110,1116,1.0
110,3506,1.0
110,6670,1.0
111,1060,1.0
111,4990,1.0
111,671,1.0
111,2456,1.0
111,3363,1.0
112,6750,1.0
112,5124,1.0
112,4396,1.0
112,5530,1.0
113,5611,1.0
113,5245,1.0
113,6320,1.0
113,304,1.0
113,2067,1.0
114,6767,1.0
114,4996,1.0
114,3944,1.0
114,3854,1.0
114,881,1.0
114,5753,1.0
115,2528,1.0
115,319,1.0
115,3012,1.0
115,541,1.0
115,1984,1.0
115,6691,1.0
116,2757,1.0
116,5732,1.0
116,984,1.0
116,5367,1.0
116,3745,1.0
116,521,1.0
117,6619,1.0
117,1057,1.0
117,1200,1.0
117,3263,1.0
117,7129,1.0
118,6189,1.0
118,7014,1.0
118,3042,1.0
118,7283,1.0
118,3216,1.0
118,3794,1.0
118,1942,1.0
119,898,1.0
119,2130,1.0
119,3292,1.0
119,6297,1.0
119,1410,1.0
119,5439,1.0
119,7877,1.0
120,5328,1.0
120,2888,1.0
120,1079,1.0
120,2781,1.0
120,3964,1.0
120,7913,1.0
120,4125,1.0
121,6335,1.0
121,4002,1.0
121,5045,1.0
122,2767,1.0
122,2503,1.0
122,625,1.0
122,7492,1.0
123,7706,1.0
123,7621,1.0
123,1383,1.0
124,6002,1.0
124,4843,1.0
124,5670,1.0
124,2915,1.0
124,2840,1.0
124,3302,1.0
125,2420,1.0
125,2807,1.0
125,178,1.0
125,7243,1.0
125,3023,1.0
126,363,1.0
126,6464,1.0
126,1077,1.0
127,259,1.0
127,196,1.0
127,2994,1.0
127,7142,1.0
127,2426,1.0
127,7070,1.0
127,5327,1.0
128,3746,1.0
128,3864,1.0
128,4643,1.0
128,2860,1.0
128,6916,1.0
128,6738,1.0
128,5793,1.0
129,7851,1.0
129,110,1.0
129,6457,1.0
130,4174,1.0
130,2846,1.0
130,2439,1.0
130,4094,1.0
130,1235,1.0
130,5082,1.0
130,7639,1.0
131,6080,1.0
131,2957,1.0
131,4476,1.0
131,4558,1.0
132,1034,1.0
132,6185,1.0
132,7443,1.0
132,505,1.0
132,7847,1.0
132,6739,1.0
132,7742,1.0
133,1703,1.0
133,1323,1.0
133,1809,1.0
133,6086,1.0
133,2877,1.0
134,1205,1.0
134,3605,1.0
134,1171,1.0
134,5809,1.0
134,7773,1.0
134,3546,1.0
135,7094,1.0
135,4608,1.0
135,2146,1.0
135,2337,1.0
135,3920,1.0
135,7897,1.0
135,1822,1.0
136,6570,1.0
136,4262,1.0
136,7628,1.0
136,6796,1.0
136,4430,1.0
136,284,1.0
136,714,1.0
137,4015,1.0
137,1078,1.0
137,6431,1.0
138,5348,1.0
138,4522,1.0
138,2806,1.0
138,5077,1.0
139,7608,1.0
139,2762,1.0
139,600,1.0
140,4851,1.0
140,695,1.0
140,4172,1.0
140,6952,1.0
141,6942,1.0
141,7829,1.0
141,6438,1.0
141,5803,1.0
141,5642,1.0
141,1878,1.0
142,1610,1.0
142,2810,1.0
142,3859,1.0
142,5355,1.0
143,183,1.0
143,5196,1.0
143,3197,1.0
143,4261,1.0
143,1044,1.0
143,874,1.0
143,7009,1.0
144,4246,1.0
144,927,1.0
144,3197,1.0
145,9,1.0
145,7654,1.0
145,5364,1.0
145,926,1.0
145,443,1.0
145,2392,1.0
145,4519,1.0
146,4211,1.0
146,7283,1.0
146,789,1.0
146,270,1.0
147,2950,1.0
147,6017,1.0
147,5533,1.0
147,1072,1.0
147,2261,1.0
147,4099,1.0
147,3523,1.0
148,235,1.0
148,7348,1.0
148,2607,1.0
148,7554,1.0
148,6113,1.0
149,1037,1.0
149,3714,1.0
149,5885,1.0
150,3391,1.0
150,3304,1.0
150,4821,1.0
150,1382,1.0
151,7248,1.0
151,2489,1.0
151,3388,1.0
151,6833,1.0
151,6348,1.0
151,6477,1.0
152,6331,1.0
152,5527,1.0
152,5054,1.0
152,6880,1.0
152,2415,1.0
153,7620,1.0
153,3437,1.0
153,2356,1.0
153,5174,1.0
154,1002,1.0
154,2536,1.0
154,4489,1.0
154,5676,1.0
154,4865,1.0
154,4308,1.0
154,6290,1.0
155,5398,1.0
155,4794,1.0
155,4217,1.0
155,3067,1.0
155,1712,1.0
156,248,1.0
156,3379,1.0
156,3360,1.0
157,5257,1.0
157,3667,1.0
157,7212,1.0
157,7343,1.0
158,2353,1.0
158,4247,1.0
158,7405,1.0
159,7859,1.0
159,2741,1.0
159,7650,1.0
159,646,1.0
159,3931,1.0
160,1397,1.0
160,5115,1.0
160,1396,1.0
161,7130,1.0
161,2887,1.0
161,7655,1.0
161,7597,1.0
162,7700,1.0
162,4963,1.0
162,685,1.0
162,5922,1.0
163,5129,1.0
163,5314,1.0
163,2609,1.0
163,6217,1.0
163,5658,1.0
164,5446,1.0
164,4525,1.0
164,2387,1.0
164,5011,1.0
164,5065,1.0
164,1717,1.0
165,337,1.0
165,2072,1.0
165,6383,1.0
165,517,1.0
166,561,1.0
166,3341,1.0
166,5363,1.0
166,5589,1.0
167,4443,1.0
167,7752,1.0
167,1147,1.0
167,6334,1.0
167,4196,1.0
167,3744,1.0
168,6791,1.0
168,7267,1.0
168,140,1.0
168,6630,1.0
168,275,1.0
168,2113,1.0
169,7696,1.0
169,2730,1.0
169,5785,1.0
169,1695,1.0
169,3170,1.0
169,7207,1.0
170,2840,1.0
170,7609,1.0
170,5254,1.0
170,3007,1.0
170,1776,1.0
170,4964,1.0
171,3576,1.0
171,2156,1.0
171,2852,1.0
171,1529,1.0
172,2407,1.0
172,4526,1.0
172,255,1.0
172,2576,1.0
172,6466,1.0
172,5019,1.0
173,554,1.0
173,1092,1.0
173,1022,1.0
173,3225,1.0
173,3888,1.0
173,537,1.0
174,6554,1.0
174,2087,1.0
174,3672,1.0
174,5120,1.0
174,4658,1.0
174,5964,1.0
175,7105,1.0
175,1401,1.0
175,1337,1.0
175,6572,1.0
176,4694,1.0
176,5436,1.0
176,6027,1.0
176,4259,1.0
176,5497,1.0
177,4268,1.0
177,3318,1.0
177,5701,1.0
177,6351,1.0
177,5058,1.0
177,6549,1.0
177,4007,1.0
178,6856,1.0
178,961,1.0
178,7429,1.0
178,6819,1.0
178,4642,1.0
178,6776,1.0
179,963,1.0
179,7213,1.0
179,1340,1.0
179,7411,1.0
179,5263,1.0
180,5655,1.0
180,5338,1.0
180,1976,1.0
180,1953,1.0
180,3747,1.0
180,4579,1.0
181,99,1.0
181,2531,1.0
181,7312,1.0
181,6868,1.0
182,2637,1.0
182,4766,1.0
182,3083,1.0
182,1081,1.0
182,7243,1.0
182,5063,1.0
183,5639,1.0
183,3774,1.0
183,3879,1.0
183,7776,1.0
183,1663,1.0
184,6579,1.0
184,1714,1.0
184,6687,1.0
185,1243,1.0
185,6298,1.0
185,6605,1.0
185,3880,1.0
185,4692,1.0
185,1338,1.0
185,6341,1.0
186,4194,1.0
186,7267,1.0
186,6296,1.0
186,1780,1.0
186,5930,1.0
186,416,1.0
186,6194,1.0
187,3520,1.0
187,1701,1.0
187,252,1.0
187,1110,1.0
187,4767,1.0
187,5187,1.0
188,2887,1.0
188,1494,1.0
188,1541,1.0
188,6834,1.0
188,534,1.0
188,160,1.0
189,7079,1.0
189,6552,1.0
189,1963,1.0
189,1598,1.0
189,2396,1.0
189,2741,1.0
190,1232,1.0
190,2980,1.0
190,2037,1.0
190,5911,1.0
190,4824,1.0
191,5922,1.0
191,232,1.0
191,4347,1.0
191,2083,1.0
191,3280,1.0
192,7259,1.0
192,5352,1.0
192,6101,1.0
192,3348,1.0
192,4470,1.0
192,7427,1.0
193,686,1.0
193,696,1.0
193,4262,1.0
193,5875,1.0
193,1592,1.0
193,2650,1.0
194,2089,1.0
194,4380,1.0
194,3231,1.0
194,6984,1.0
194,2761,1.0
194,2362,1.0
194,1630,1.0
195,981,1.0
195,4831,1.0
195,1557,1.0
195,1365,1.0
196,1731,1.0
196,7737,1.0
196,1130,1.0
196,6134,1.0
196,3810,1.0
196,2160,1.0
196,3609,1.0
197,6815,1.0
197,7322,1.0
197,7450,1.0
197,6686,1.0
197,6937,1.0
197,4920,1.0
198,2682,1.0
198,5653,1.0
198,7786,1.0
199,5509,1.0
199,5991,1.0
199,6961,1.0
199,2712,1.0
199,6593,1.0
200,7442,1.0
200,1747,1.0
200,3580,1.0
201,6928,1.0
201,5688,1.0
201,6050,1.0
201,3313,1.0
201,3015,1.0
202,6888,1.0
202,6806,1.0
202,32,1.0
202,2691,1.0
203,447,1.0
203,7588,1.0
203,6936,1.0
203,7593,1.0
203,5443,1.0
203,7373,1.0
203,7504,1.0
204,7143,1.0
204,1846,1.0
204,10,1.0
205,1965,1.0
205,2507,1.0
205,529,1.0
205,2570,1.0
206,6177,1.0
206,1613,1.0
206,1316,1.0
206,2589,1.0
206,5954,1.0
206,2644,1.0
206,707,1.0
207,6140,1.0
207,319,1.0
207,4723,1.0
207,451,1.0
207,3814,1.0
208,4540,1.0
208,6828,1.0
208,7793,1.0
208,5358,1.0
208,6723,1.0
209,4825,1.0
209,6487,1.0
209,4252,1.0
209,6795,1.0
209,4410,1.0
209,3577,1.0
209,2583,1.0
210,5696,1.0
210,2796,1.0
210,2830,1.0
210,4941,1.0
210,4618,1.0
210,1757,1.0
210,5255,1.0
211,1377,1.0
211,6436,1.0
211,4974,1.0
211,3208,1.0
212,3822,1.0
212,1816,1.0
212,2197,1.0
212,7107,1.0
213,6335,1.0
213,311,1.0
213,4440,1.0
213,3035,1.0
213,7273,1.0
213,4569,1.0
213,5452,1.0
214,557,1.0
214,4449,1.0
214,2057,1.0
214,6794,1.0
214,6858,1.0
214,7220,1.0
215,3973,1.0
215,4203,1.0
215,2631,1.0
215,2111,1.0
216,7313,1.0
216,5721,1.0
216,5164,1.0
216,3493,1.0
216,1065,1.0
216,318,1.0
216,7780,1.0
217,3797,1.0
217,442,1.0
217,2217,1.0
217,6450,1.0
217,7510,1.0
217,4957,1.0
218,5050,1.0
218,5085,1.0
218,2359,1.0
218,4750,1.0
218,187,1.0
218,389,1.0
219,597,1.0
219,3858,1.0
219,2471,1.0
220,924,1.0
220,474,1.0
220,3247,1.0
220,6659,1.0
221,2797,1.0
221,2017,1.0
221,4449,1.0
222,5986,1.0
222,785,1.0
222,5194,1.0
222,5181,1.0
222,329,1.0
223,6645,1.0
223,7097,1.0
223,6899,1.0
223,635,1.0
223,966,1.0
224,298,1.0
224,3219,1.0
224,4232,1.0
224,7106,1.0
225,4512,1.0
225,2831,1.0
225,1640,1.0
225,7260,1.0
225,675,1.0
225,2502,1.0
226,6835,1.0
226,5362,1.0
226,1577,1.0
226,2695,1.0
227,3240,1.0
227,6885,1.0
227,6365,1.0
227,5078,1.0
228,2967,1.0
228,1615,1.0
228,4593,1.0
228,2111,1.0
228,896,1.0
229,4773,1.0
229,5200,1.0
229,5598,1.0
229,1765,1.0
229,7069,1.0
229,1210,1.0
230,5474,1.0
230,2182,1.0
230,1976,1.0
230,4593,1.0
230,1998,1.0
230,3157,1.0
230,3695,1.0
231,1913,1.0
231,1890,1.0
231,4188,1.0
231,6659,1.0
231,1092,1.0
232,4463,1.0
232,503,1.0
232,1150,1.0
232,5902,1.0
232,6223,1.0
232,7360,1.0
232,7364,1.0
233,3358,1.0
233,7707,1.0
233,5812,1.0
233,5435,1.0
233,211,1.0
233,381,1.0
234,4213,1.0
234,3476,1.0
234,3347,1.0
234,986,1.0
234,3847,1.0
234,3437,1.0
234,3604,1.0
235,2783,1.0
235,7552,1.0
235,5808,1.0
236,4221,1.0
236,1449,1.0
236,3158,1.0
236,2603,1.0
237,2230,1.0
237,3962,1.0
237,1194,1.0
237,4638,1.0
237,1337,1.0
237,4520,1.0
238,1002,1.0
238,456,1.0
238,3065,1.0
238,620,1.0
238,4819,1.0
238,6096,1.0
238,45,1.0
239,3053,1.0
239,6220,1.0
239,5838,1.0
240,6041,1.0
240,4079,1.0
240,7781,1.0
240,3203,1.0
240,2214,1.0
241,3161,1.0
241,7588,1.0
241,448,1.0
241,7167,1.0
241,3019,1.0
241,3413,1.0
241,91,1.0
242,2442,1.0
242,3437,1.0
242,1880,1.0
242,6505,1.0
242,3182,1.0
242,2322,1.0
243,5642,1.0
243,1651,1.0
243,3003,1.0
243,435,1.0
243,7383,1.0
243,5205,1.0
243,311,1.0
244,6810,1.0
244,7590,1.0
244,984,1.0
244,901,1.0
244,5789,1.0
245,979,1.0
245,706,1.0
245,7542,1.0
245,2794,1.0
245,5342,1.0
245,1159,1.0
246,6221,1.0
246,486,1.0
246,482,1.0
247,6706,1.0
247,3844,1.0
247,3528,1.0
247,6042,1.0
247,5408,1.0
247,1807,1.0
247,4747,1.0
248,1177,1.0
248,964,1.0
248,3004,1.0
248,2405,1.0
248,3247,1.0
248,903,1.0
248,6124,1.0
249,5515,1.0
249,1334,1.0
249,5847,1.0
249,3943,1.0
249,1587,1.0
249,5580,1.0
249,2658,1.0
250,773,1.0
250,41,1.0
250,3456,1.0
251,1669,1.0
251,4531,1.0
251,3769,1.0
251,2853,1.0
251,5913,1.0
252,6914,1.0
252,4768,1.0
252,4908,1.0
252,1666,1.0
252,5371,1.0
253,2288,1.0
253,596,1.0
253,5121,1.0
253,685,1.0
253,2460,1.0
253,1258,1.0
253,2883,1.0
254,5027,1.0
254,3986,1.0
254,4737,1.0
254,5009,1.0
254,4547,1.0
255,6500,1.0
255,6441,1.0
255,4768,1.0
255,2404,1.0
255,3519,1.0
255,5353,1.0
255,7113,1.0
256,4155,1.0
256,7319,1.0
256,6467,1.0
256,4034,1.0
256,7046,1.0
256,1333,1.0
257,6842,1.0
257,7453,1.0
257,6870,1.0
257,2808,1.0
258,741,1.0
258,2547,1.0
258,3849,1.0
258,6140,1.0
258,3480,1.0
259,320,1.0
259,7337,1.0
259,4177,1.0
259,1516,1.0
260,6005,1.0
260,5216,1.0
260,6095,1.0
260,3221,1.0
261,3324,1.0
261,1198,1.0
261,5494,1.0
261,6284,1.0
261,1946,1.0
261,2695,1.0
261,6200,1.0
262,6633,1.0
262,672,1.0
262,7771,1.0
262,6594,1.0
262,6451,1.0
262,6721,1.0
262,5409,1.0
263,4736,1.0
263,2858,1.0
263,3420,1.0
263,1092,1.0
264,5530,1.0
264,6365,1.0
264,1474,1.0
264,2114,1.0
264,3513,1.0
264,7201,1.0
265,4412,1.0
265,1166,1.0
265,6688,1.0
266,2520,1.0
266,6566,1.0
266,1481,1.0
266,6986,1.0
266,912,1.0
266,1167,1.0
266,4998,1.0
267,4935,1.0
267,2914,1.0
267,6490,1.0
267,7703,1.0
267,2219,1.0
268,7584,1.0
268,5271,1.0
268,1512,1.0
269,6782,1.0
269,37,1.0
269,5029,1.0
269,6470,1.0
269,1078,1.0
269,1050,1.0
270,2461,1.0
270,7560,1.0
270,2693,1.0
270,7394,1.0
270,1799,1.0
270,6717,1.0
270,7072,1.0
271,453,1.0
271,2618,1.0
271,1019,1.0
271,3145,1.0
271,1949,1.0
271,275,1.0
271,6645,1.0
272,769,1.0
272,3397,1.0
272,1843,1.0
272,6235,1.0
272,736,1.0
272,1746,1.0
273,4556,1.0
273,5612,1.0
273,7373,1.0
273,4051,1.0
273,5315,1.0
274,3446,1.0
274,645,1.0
274,5433,1.0
274,3594,1.0
275,783,1.0
275,3927,1.0
275,2866,1.0
275,6948,1.0
276,4155,1.0
276,3183,1.0
276,4500,1.0
276,1253,1.0
277,6625,1.0
277,2910,1.0
277,4952,1.0
277,6067,1.0
277,7742,1.0
278,3494,1.0
278,6535,1.0
278,7777,1.0
278,4956,1.0
278,3312,1.0
279,2286,1.0
279,7291,1.0
279,3579,1.0
279,7403,1.0
279,7777,1.0
279,516,1.0
279,3215,1.0
280,7925,1.0
280,5376,1.0
280,1190,1.0
280,591,1.0
280,4589,1.0
280,343,1.0
280,5413,1.0
281,6026,1.0
281,6087,1.0
281,2951,1.0
281,526,1.0
281,555,1.0
281,2170,1.0
281,6707,1.0
282,1741,1.0
282,6226,1.0
282,1763,1.0
282,2064,1.0
282,5367,1.0
283,4973,1.0
283,6321,1.0
283,5296,1.0
283,3220,1.0
283,2811,1.0
283,2139,1.0
283,85,1.0
284,7240,1.0
284,4130,1.0
284,6155,1.0
285,3881,1.0
285,2601,1.0
285,7087,1.0
285,3924,1.0
285,3560,1.0
285,7244,1.0
285,2641,1.0
286,5243,1.0
286,2466,1.0
286,6957,1.0
287,6626,1.0
287,5064,1.0
287,1380,1.0
287,5520,1.0
287,2968,1.0
288,260,1.0
288,5791,1.0
288,7860,1.0
288,7803,1.0
289,5644,1.0
289,5884,1.0
289,5237,1.0
289,477,1.0
289,2962,1.0
290,4713,1.0
290,7394,1.0
290,4334,1.0
290,1674,1.0
290,1211,1.0
290,6572,1.0
291,5070,1.0
291,5662,1.0
291,6295,1.0
291,830,1.0
291,991,1.0
291,1799,1.0
292,2640,1.0
292,3697,1.0
292,4100,1.0
292,2490,1.0
292,6302,1.0
292,1362,1.0
293,2213,1.0
293,4908,1.0
293,1889,1.0
294,4081,1.0
294,4416,1.0
294,2958,1.0
294,1905,1.0
294,2204,1.0
294,5125,1.0
294,6725,1.0
295,2184,1.0
295,6364,1.0
295,5202,1.0
296,5319,1.0
296,1546,1.0
296,7251,1.0
297,7407,1.0
297,6247,1.0
297,732,1.0
297,2279,1.0
297,2239,1.0
297,5945,1.0
297,2820,1.0
298,5188,1.0
298,6974,1.0
298,4697,1.0
298,2658,1.0
298,1769,1.0
299,3373,1.0
299,1804,1.0
299,2830,1.0
299,4728,1.0
300,1883,1.0
300,7498,1.0
300,4991,1.0
300,1167,1.0
300,2595,1.0
300,3276,1.0
300,4887,1.0
301,4903,1.0
301,5359,1.0
301,216,1.0
301,7403,1.0
301,465,1.0
301,1922,1.0
302,3795,1.0
302,4850,1.0
302,5409,1.0
302,7150,1.0
302,1578,1.0
303,5576,1.0
303,5685,1.0
303,1494,1.0
303,4017,1.0
304,7786,1.0
304,1388,1.0
304,5168,1.0
305,6904,1.0
305,3107,1.0
305,2362,1.0
305,5173,1.0
305,758,1.0
306,3444,1.0
306,4257,1.0
306,3328,1.0
306,3147,1.0
307,7422,1.0
307,5172,1.0
307,4140,1.0
308,2753,1.0
308,6711,1.0
308,7348,1.0
308,3958,1.0
308,2502,1.0
308,6090,1.0
308,5020,1.0
309,6920,1.0
309,3772,1.0
309,343,1.0
309,726,1.0
310,2087,1.0
310,3384,1.0
310,1686,1.0
310,5333,1.0
310,2137,1.0
310,3468,1.0
310,4874,1.0
311,863,1.0
311,333,1.0
311,2043,1.0
312,4437,1.0
312,150,1.0
312,6046,1.0
313,7370,1.0
313,3984,1.0
313,7901,1.0
313,6733,1.0
313,1245,1.0
314,3981,1.0
314,7703,1.0
314,2856,1.0
314,4712,1.0
315,1298,1.0
315,5622,1.0
315,4762,1.0
315,6104,1.0
315,386,1.0
315,3344,1.0
315,5666,1.0
316,1796,1.0
316,6714,1.0
316,3095,1.0
316,3239,1.0
316,4802,1.0
316,241,1.0
317,3114,1.0
317,337,1.0
317,707,1.0
317,949,1.0
317,3183,1.0
317,4775,1.0
317,2236,1.0
318,951,1.0
318,1050,1.0
318,4593,1.0
318,6842,1.0
318,6775,1.0
318,3334,1.0
319,4230,1.0
319,6682,1.0
319,3677,1.0
319,2664,1.0
319,39,1.0
320,3918,1.0
320,1384,1.0
320,7383,1.0
320,953,1.0
320,1146,1.0
320,6952,1.0
320,527,1.0
321,2476,1.0
321,6026,1.0
321,4935,1.0
321,7683,1.0
321,4003,1.0
321,235,1.0
321,2178,1.0
322,3189,1.0
322,3513,1.0
322,5409,1.0
322,5502,1.0
322,4964,1.0
322,5411,1.0
322,4073,1.0
323,158,1.0
323,38,1.0
323,5319,1.0
323,77,1.0
324,5008,1.0
324,3985,1.0
324,2525,1.0
324,2499,1.0
324,6724,1.0
324,4722,1.0
325,3388,1.0
325,2188,1.0
325,1218,1.0
325,6444,1.0
325,182,1.0
325,3962,1.0
325,5643,1.0
326,1506,1.0
326,197,1.0
326,1842,1.0
326,744,1.0
326,632,1.0
326,2998,1.0
327,6804,1.0
327,7719,1.0
327,7286,1.0
327,6720,1.0
327,3774,1.0
327,2940,1.0
327,4560,1.0
328,3958,1.0
328,218,1.0
328,2378,1.0
328,775,1.0
329,1451,1.0
329,1443,1.0
329,6968,1.0
329,6777,1.0
330,4985,1.0
330,6821,1.0
330,5749,1.0
330,2073,1.0
331,5655,1.0
331,249,1.0
331,1010,1.0
331,6027,1.0
332,6780,1.0
332,3338,1.0
332,1288,1.0
332,3726,1.0
332,6094,1.0
332,4996,1.0
333,5089,1.0
333,3566,1.0
333,6581,1.0
333,7505,1.0
333,219,1.0
333,6515,1.0
334,6123,1.0
334,4195,1.0
334,4363,1.0
334,5820,1.0
334,5525,1.0
334,2580,1.0
334,787,1.0
335,3486,1.0
335,7370,1.0
335,1680,1.0
335,6662,1.0
335,1800,1.0
336,3101,1.0
336,6606,1.0
336,4689,1.0
336,5018,1.0
336,6043,1.0
337,6438,1.0
337,5421,1.0
337,1446,1.0
338,292,1.0
338,5225,1.0
338,3424,1.0
338,6166,1.0
338,7245,1.0
339,3511,1.0
339,3888,1.0
339,4306,1.0
340,7613,1.0
340,4720,1.0
340,1698,1.0
340,2842,1.0
340,3542,1.0
340,7421,1.0
340,699,1.0
341,5722,1.0
341,7829,1.0
341,2188,1.0
341,2895,1.0
341,6819,1.0
341,580,1.0
342,7525,1.0
342,6349,1.0
342,2615,1.0
342,6599,1.0
342,5297,1.0
343,1996,1.0
343,1250,1.0
343,606,1.0
343,7923,1.0
344,1909,1.0
344,6036,1.0
344,1077,1.0
345,6066,1.0
345,4088,1.0
345,6657,1.0
345,2281,1.0
345,1640,1.0
345,5219,1.0
346,3112,1.0
346,3891,1.0
346,3401,1.0
346,2719,1.0
347,3861,1.0
347,6795,1.0
347,5600,1.0
347,526,1.0
347,4491,1.0
348,187,1.0
348,1414,1.0
348,4225,1.0
348,1520,1.0
348,3699,1.0
348,6204,1.0
348,6399,1.0
349,3088,1.0
349,3183,1.0
349,4269,1.0
349,1719,1.0
350,820,1.0
350,7806,1.0
350,6309,1.0
350,143,1.0
350,3818,1.0
351,3722,1.0
351,4063,1.0
351,5613,1.0
351,4817,1.0
352,2503,1.0
352,3475,1.0
352,1794,1.0
352,3517,1.0
353,5723,1.0
353,1524,1.0
353,7913,1.0
354,7904,1.0
354,6826,1.0
354,961,1.0
355,547,1.0
355,4770,1.0
355,320,1.0
356,2993,1.0
356,3258,1.0
356,5837,1.0
357,4373,1.0
357,538,1.0
357,3643,1.0
357,1349,1.0
358,7237,1.0
358,4655,1.0
358,61,1.0
358,4537,1.0
358,922,1.0
358,47,1.0
359,3317,1.0
359,7826,1.0
359,1869,1.0
359,4982,1.0
359,5702,1.0
360,3691,1.0
360,1887,1.0
360,5500,1.0
360,482,1.0
360,1282,1.0
361,6654,1.0
361,4867,1.0
361,7540,1.0
362,5898,1.0
362,4028,1.0
362,75,1.0
362,2555,1.0
362,4718,1.0
362,2366,1.0
363,3411,1.0
363,3631,1.0
363,4333,1.0
363,4524,1.0
363,293,1.0
364,4224,1.0
364,2263,1.0
364,1668,1.0
365,2760,1.0
365,2287,1.0
365,7222,1.0
365,1426,1.0
365,1417,1.0
366,7540,1.0
366,3592,1.0
366,4365,1.0
366,68,1.0
366,5021,1.0
366,856,1.0
366,3678,1.0
367,3319,1.0
367,1771,1.0
367,3258,1.0
367,4345,1.0
367,3250,1.0
367,7394,1.0
368,7681,1.0
368,749,1.0
368,4622,1.0
368,4375,1.0
368,7160,1.0
369,3203,1.0
369,847,1.0
369,2003,1.0
370,327,1.0
370,440,1.0
370,110,1.0
370,5365,1.0
370,286,1.0
371,6860,1.0
371,7790,1.0
371,40,1.0
371,5950,1.0
372,7184,1.0
372,5931,1.0
372,2019,1.0
373,83,1.0
373,1861,1.0
373,6058,1.0
374,1562,1.0
374,6104,1.0
374,6655,1.0
374,2739,1.0
374,5256,1.0
375,1994,1.0
375,429,1.0
375,7492,1.0
375,4695,1.0
375,7122,1.0
375,7888,1.0
375,6827,1.0
376,3766,1.0
376,4810,1.0
376,4012,1.0
376,1251,1.0
377,5533,1.0
377,5126,1.0
377,6126,1.0
377,6430,1.0
377,523,1.0
377,7525,1.0
377,7105,1.0
378,6248,1.0
378,783,1.0
378,7143,1.0
378,1456,1.0
378,4122,1.0
378,2279,1.0
379,7676,1.0
379,3415,1.0
379,6117,1.0
379,1007,1.0
379,2179,1.0
380,3673,1.0
380,7416,1.0
380,4016,1.0
380,6157,1.0
381,4148,1.0
381,3920,1.0
381,5354,1.0
381,1447,1.0
381,2392,1.0
381,896,1.0
382,4309,1.0
382,4724,1.0
382,833,1.0
383,6560,1.0
383,1836,1.0
383,2255,1.0
384,3564,1.0
384,1745,1.0
384,2171,1.0
384,2614,1.0
384,485,1.0
384,7340,1.0
385,1679,1.0
385,3508,1.0
385,4044,1.0
385,453,1.0
385,7524,1.0
386,2180,1.0
386,1359,1.0
386,4810,1.0
387,2937,1.0
387,5210,1.0
387,6732,1.0
387,7867,1.0
387,7214,1.0
388,1191,1.0
388,3461,1.0
388,1430,1.0
388,3224,1.0
388,2593,1.0
388,2477,1.0
389,571,1.0
389,6240,1.0
389,6431,1.0
389,5475,1.0
389,3144,1.0
389,5826,1.0
389,7174,1.0
390,2838,1.0
390,386,1.0
390,5879,1.0
390,5940,1.0
390,5533,1.0
390,1159,1.0
390,4157,1.0
391,6311,1.0
391,163,1.0
391,7372,1.0
391,7520,1.0
391,675,1.0
391,5647,1.0
391,7104,1.0
392,4353,1.0
392,5524,1.0
392,5551,1.0
393,101,1.0
393,522,1.0
393,4284,1.0
393,5232,1.0
393,4225,1.0
393,7515,1.0
394,5793,1.0
394,7703,1.0
394,1286,1.0
394,5245,1.0
394,3173,1.0
394,2633,1.0
395,1299,1.0
395,1597,1.0
395,5167,1.0
395,2224,1.0
396,2868,1.0
396,4007,1.0
396,6393,1.0
397,5535,1.0
397,7606,1.0
397,2321,1.0
397,5511,1.0
397,772,1.0
398,364,1.0
398,1170,1.0
398,5899,1.0
398,4920,1.0
399,6780,1.0
399,2977,1.0
399,2280,1.0
399,6485,1.0
400,2171,1.0
400,136,1.0
400,459,1.0
400,2656,1.0
400,5390,1.0
400,3766,1.0
401,6833,1.0
401,416,1.0
401,3287,1.0
401,5497,1.0
401,4305,1.0
402,6435,1.0
402,3026,1.0
402,701,1.0
402,1512,1.0
402,2221,1.0
402,5469,1.0
403,5797,1.0
403,6648,1.0
403,3868,1.0
404,7175,1.0
404,2030,1.0
404,2800,1.0
404,1344,1.0
405,1670,1.0
405,5493,1.0
405,3990,1.0
406,1890,1.0
406,657,1.0
406,1158,1.0
407,1434,1.0
407,556,1.0
407,1673,1.0
407,3488,1.0
407,4258,1.0
407,4761,1.0
407,6672,1.0
408,1071,1.0
408,5661,1.0
408,6109,1.0
409,7282,1.0
409,2703,1.0
409,7571,1.0
409,7332,1.0
409,5034,1.0
409,1865,1.0
410,5060,1.0
410,5444,1.0
410,491,1.0
411,2241,1.0
411,4694,1.0
411,3342,1.0
411,4161,1.0
412,5407,1.0
412,1634,1.0
412,5180,1.0
412,6840,1.0
412,4551,1.0
412,4683,1.0
413,2359,1.0
413,3542,1.0
413,3439,1.0
413,1494,1.0
413,3994,1.0
414,3112,1.0
414,4508,1.0
414,2601,1.0
414,4556,1.0
414,6300,1.0
414,686,1.0
414,714,1.0
415,1831,1.0
415,4273,1.0
415,41,1.0
415,5686,1.0
415,6426,1.0
415,2408,1.0
415,6660,1.0
416,2262,1.0
416,4303,1.0
416,346,1.0
416,5353,1.0
416,2963,1.0
416,1386,1.0
416,2971,1.0
417,5976,1.0
417,4838,1.0
417,2635,1.0
417,3876,1.0
417,3053,1.0
417,922,1.0
418,6538,1.0
418,5817,1.0
418,967,1.0
418,1635,1.0
418,2274,1.0
418,2934,1.0
418,5612,1.0
419,7405,1.0
419,7394,1.0
419,1108,1.0
419,6900,1.0
419,6501,1.0
419,217,1.0
420,5735,1.0
420,3808,1.0
420,2680,1.0
420,1789,1.0
420,601,1.0
420,7326,1.0
420,7871,1.0
421,562,1.0
421,4626,1.0
421,1933,1.0
421,4456,1.0
421,7341,1.0
421,7235,1.0
421,2414,1.0
422,7738,1.0
422,4787,1.0
422,4056,1.0
422,7768,1.0
422,5590,1.0
422,948,1.0
423,4900,1.0
423,4684,1.0
423,341,1.0
423,5300,1.0
424,100,1.0
424,867,1.0
424,6189,1.0
424,1024,1.0
424,3301,1.0
424,4817,1.0
425,3453,1.0
425,4497,1.0
425,6189,1.0
426,5925,1.0
426,5894,1.0
426,1872,1.0
426,7859,1.0
426,2879,1.0
426,7753,1.0
426,411,1.0
427,636,1.0
427,3459,1.0
427,5439,1.0
427,6813,1.0
427,3399,1.0
428,414,1.0
428,5314,1.0
428,3995,1.0
429,6924,1.0
429,7018,1.0
429,6606,1.0
430,7191,1.0
430,3213,1.0
430,720,1.0
430,2288,1.0
430,6028,1.0
431,6660,1.0
431,7256,1.0
431,6030,1.0
431,6223,1.0
432,4620,1.0
432,7909,1.0
432,2143,1.0
432,2379,1.0
432,3961,1.0
433,3965,1.0
433,2618,1.0
433,6362,1.0
434,4969,1.0
434,5721,1.0
434,5555,1.0
434,4056,1.0
434,7742,1.0
434,6539,1.0
434,3967,1.0
435,4441,1.0
435,1352,1.0
435,5159,1.0
436,3846,1.0
436,3294,1.0
436,3828,1.0
436,7246,1.0
436,3572,1.0
437,5037,1.0
437,2530,1.0
437,5859,1.0
437,3585,1.0
437,1569,1.0
438,394,1.0
438,1299,1.0
438,7124,1.0
438,2190,1.0
438,6947,1.0
438,1493,1.0
439,7393,1.0
439,5570,1.0
439,4576,1.0
439,3527,1.0
440,3698,1.0
440,1830,1.0
440,4558,1.0
440,2701,1.0
440,2495,1.0
440,3216,1.0
441,2160,1.0
441,7251,1.0
441,4341,1.0
441,132,1.0
441,7579,1.0
441,4321,1.0
442,3943,1.0
442,1189,1.0
442,665,1.0
442,3577,1.0
442,4696,1.0
442,5055,1.0
442,3441,1.0
443,1160,1.0
443,4733,1.0
443,6414,1.0
443,5371,1.0
443,7495,1.0
443,4000,1.0
443,6164,1.0
444,4089,1.0
444,2703,1.0
444,3883,1.0
444,2518,1.0
444,1315,1.0
444,5325,1.0
444,2764,1.0
445,1763,1.0
445,6924,1.0
445,610,1.0
445,704,1.0
446,4637,1.0
446,6214,1.0
446,6331,1.0
446,7189,1.0
446,5981,1.0
446,6240,1.0
447,3017,1.0
447,5286,1.0
447,5075,1.0
447,6686,1.0
448,6030,1.0
448,2228,1.0
448,4413,1.0
448,7021,1.0
449,6796,1.0
449,2876,1.0
449,6921,1.0
449,651,1.0
449,436,1.0
450,6404,1.0
450,591,1.0
450,983,1.0
451,5669,1.0
451,3390,1.0
451,2601,1.0
451,7711,1.0
451,1868,1.0
451,4064,1.0
452,5268,1.0
452,7846,1.0
452,6844,1.0
452,5663,1.0
452,2299,1.0
453,2521,1.0
453,1706,1.0
453,215,1.0
453,1866,1.0
453,222,1.0
453,5749,1.0
454,6596,1.0
454,5722,1.0
454,134,1.0
454,3643,1.0
454,6935,1.0
454,6756,1.0
454,3508,1.0
455,2796,1.0
455,7765,1.0
455,7635,1.0
455,5057,1.0
456,1273,1.0
456,3691,1.0
456,2008,1.0
456,1680,1.0
457,4049,1.0
457,4527,1.0
457,7241,1.0
457,5096,1.0
457,3494,1.0
458,396,1.0
458,3849,1.0
458,5222,1.0
458,6990,1.0
459,1278,1.0
459,2499,1.0
459,3227,1.0
459,3058,1.0
459,7312,1.0
460,3909,1.0
460,4093,1.0
460,6239,1.0
460,3847,1.0
461,2470,1.0
461,4697,1.0
461,3506,1.0
462,6515,1.0
462,960,1.0
462,7472,1.0
462,3071,1.0
462,2145,1.0
462,1754,1.0
463,7315,1.0
463,2010,1.0
463,1952,1.0
463,47,1.0
464,4433,1.0
464,5364,1.0
464,5995,1.0
465,771,1.0
465,12,1.0
465,5552,1.0
466,3199,1.0
466,7537,1.0
466,4958,1.0
466,227,1.0
467,340,1.0
467,4125,1.0
467,6999,1.0
467,7588,1.0
467,4320,1.0
467,5646,1.0
467,3692,1.0
468,3620,1.0
468,796,1.0
468,6479,1.0
468,2757,1.0
468,4075,1.0
468,5886,1.0
468,7329,1.0
469,951,1.0
469,43,1.0
469,1019,1.0
469,3233,1.0
469,1439,1.0
469,3575,1.0
469,2420,1.0
470,136,1.0
470,7238,1.0
470,1281,1.0
470,1971,1.0
470,3810,1.0
470,4516,1.0
471,5659,1.0
471,6128,1.0
471,6899,1.0
471,2136,1.0
471,1150,1.0
471,3684,1.0
472,6248,1.0
472,5020,1.0
472,1830,1.0
472,4259,1.0
472,7113,1.0
472,6362,1.0
472,815,1.0
473,5991,1.0
473,783,1.0
473,17,1.0
474,1856,1.0
474,1803,1.0
474,3727,1.0
474,4618,1.0
475,4568,1.0
475,5523,1.0
475,3992,1.0
475,1085,1.0
476,3184,1.0
476,657,1.0
476,2646,1.0
476,614,1.0
476,7549,1.0
476,2780,1.0
477,351,1.0
477,3203,1.0
477,696,1.0
477,7601,1.0
477,4622,1.0
478,4974,1.0
478,4702,1.0
478,4227,1.0
478,2961,1.0
479,650,1.0
479,3903,1.0
479,6170,1.0
480,4252,1.0
480,5394,1.0
480,6280,1.0
480,5824,1.0
480,2774,1.0
480,7118,1.0
480,4089,1.0
481,2823,1.0
481,5787,1.0
481,4290,1.0
482,6276,1.0
482,7210,1.0
482,6511,1.0
482,367,1.0
482,3873,1.0
482,7657,1.0
483,510,1.0
483,4181,1.0
483,327,1.0
483,1081,1.0
484,1922,1.0
484,1782,1.0
484,279,1.0
484,7110,1.0
484,5880,1.0
484,4815,1.0
485,3641,1.0
485,2655,1.0
485,6759,1.0
485,1857,1.0
485,405,1.0
485,1174,1.0
485,4014,1.0
486,7637,1.0
486,1450,1.0
486,6207,1.0
487,4637,1.0
487,5310,1.0
487,1592,1.0
487,2507,1.0
487,7002,1.0
487,4639,1.0
487,7130,1.0
488,6739,1.0
488,3798,1.0
488,3744,1.0
488,5757,1.0
488,6321,1.0
488,2243,1.0
488,5156,1.0
489,3478,1.0
489,2634,1.0
489,5385,1.0
489,281,1.0
490,5428,1.0
490,251,1.0
490,136,1.0
490,7163,1.0
490,4100,1.0
490,6513,1.0
490,2411,1.0
491,5049,1.0
491,2551,1.0
491,4902,1.0
492,3284,1.0
492,1884,1.0
492,7873,1.0
493,2871,1.0
493,4246,1.0
493,6724,1.0
493,2707,1.0
494,5620,1.0
494,5037,1.0
494,3661,1.0
495,3646,1.0
495,4813,1.0
495,2910,1.0
495,7507,1.0
495,4825,1.0
495,5158,1.0
495,6253,1.0
496,1977,1.0
496,5478,1.0
496,1879,1.0
496,2369,1.0
496,5445,1.0
496,4846,1.0
496,3425,1.0
497,6918,1.0
497,5407,1.0
497,3874,1.0
497,2905,1.0
498,103,1.0
498,7202,1.0
498,3817,1.0
498,3300,1.0
498,3674,1.0
499,4345,1.0
499,2320,1.0
499,123,1.0
499,3456,1.0
499,930,1.0
500,3035,1.0
500,6022,1.0
500,4724,1.0
500,1899,1.0
500,6888,1.0
501,721,1.0
501,7236,1.0
501,6780,1.0
501,6773,1.0
501,870,1.0
501,3757,1.0
501,4618,1.0
502,551,1.0
502,4931,1.0
502,2198,1.0
502,4760,1.0
503,1935,1.0
503,5948,1.0
503,277,1.0
503,717,1.0
503,5821,1.0
503,1993,1.0
503,2134,1.0
504,5985,1.0
504,2483,1.0
504,1434,1.0
505,6804,1.0
505,6713,1.0
505,4587,1.0
505,5056,1.0
506,2421,1.0
506,125,1.0
506,7046,1.0
507,5787,1.0
507,3853,1.0
507,1200,1.0
507,6279,1.0
507,1264,1.0
507,5732,1.0
507,2353,1.0
508,5024,1.0
508,7688,1.0
508,1771,1.0
508,1990,1.0
508,445,1.0
508,5088,1.0
508,7341,1.0
509,5985,1.0
509,1954,1.0
509,6763,1.0
509,6214,1.0
509,2511,1.0
509,1246,1.0
510,7508,1.0
510,4809,1.0
510,4470,1.0
511,829,1.0
511,7477,1.0
511,1112,1.0
511,4059,1.0
511,122,1.0
511,2943,1.0
511,146,1.0
512,4765,1.0
512,808,1.0
512,3772,1.0
512,2776,1.0
512,5963,1.0
512,5035,1.0
513,3143,1.0
513,7708,1.0
513,6951,1.0
513,3389,1.0
514,7156,1.0
514,4278,1.0
514,1958,1.0
514,6398,1.0
514,1038,1.0
514,2714,1.0
514,1328,1.0
515,2661,1.0
515,7478,1.0
515,3880,1.0
515,5911,1.0
515,5720,1.0
515,6825,1.0
516,4106,1.0
516,6584,1.0
516,7135,1.0
517,1090,1.0
517,1754,1.0
517,5137,1.0
517,1511,1.0
517,5467,1.0
517,5344,1.0
518,2254,1.0
518,4118,1.0
518,4998,1.0
518,5223,1.0
519,5110,1.0
519,2625,1.0
519,2032,1.0
520,4791,1.0
520,3836,1.0
520,3308,1.0
520,695,1.0
521,6138,1.0
521,5222,1.0
521,7606,1.0
521,3957,1.0
522,4557,1.0
522,6135,1.0
522,396,1.0
523,5618,1.0
523,4984,1.0
523,852,1.0
523,2299,1.0
524,5196,1.0
524,5253,1.0
524,6111,1.0
524,3887,1.0
524,2277,1.0
524,294,1.0
525,6836,1.0
525,3089,1.0
525,3234,1.0
526,4835,1.0
526,5974,1.0
526,2343,1.0
526,7340,1.0
526,7868,1.0
527,2846,1.0
527,960,1.0
527,6849,1.0
527,1488,1.0
527,4979,1.0
527,6367,1.0
527,7573,1.0
528,3520,1.0
528,6695,1.0
528,5473,1.0
529,314,1.0
529,3026,1.0
529,3011,1.0
529,2201,1.0
529,6108,1.0
529,3470,1.0
530,109,1.0
530,2953,1.0
530,5630,1.0
530,7263,1.0
531,3740,1.0
531,1239,1.0
531,2878,1.0
531,2547,1.0
531,7689,1.0
531,1355,1.0
531,4335,1.0
532,2251,1.0
532,3120,1.0
532,7752,1.0
532,1277,1.0
532,4021,1.0
532,4779,1.0
533,897,1.0
533,4839,1.0
533,1400,1.0
533,7888,1.0
534,2140,1.0
534,6827,1.0
534,7747,1.0
534,3566,1.0
534,204,1.0
534,3254,1.0
535,6101,1.0
535,5582,1.0
535,6405,1.0
535,810,1.0
536,3015,1.0
536,7727,1.0
536,3737,1.0
536,2154,1.0
537,4826,1.0
537,6023,1.0
537,6762,1.0
538,3997,1.0
538,5487,1.0
538,634,1.0
538,1466,1.0
538,4845,1.0
538,4442,1.0
539,7058,1.0
539,6300,1.0
539,7574,1.0
539,6024,1.0
539,6586,1.0
539,5155,1.0
540,3371,1.0
540,2560,1.0
540,508,1.0
540,2302,1.0
540,7679,1.0
540,3418,1.0
540,4955,1.0
541,3015,1.0
541,2052,1.0
541,1911,1.0
541,922,1.0
541,6068,1.0
541,6117,1.0
541,875,1.0
542,2794,1.0
542,1487,1.0
542,529,1.0
542,7441,1.0
542,6819,1.0
542,2044,1.0
543,7673,1.0
543,2464,1.0
543,5188,1.0
543,56,1.0
543,5208,1.0
543,1027,1.0
544,6269,1.0
544,6297,1.0
544,7152,1.0
545,3277,1.0
545,460,1.0
545,4643,1.0
546,4911,1.0
546,2997,1.0
546,4861,1.0
546,6060,1.0
546,2270,1.0
547,7878,1.0
547,1084,1.0
547,920,1.0
547,5382,1.0
547,1366,1.0
547,7054,1.0
548,6585,1.0
548,5584,1.0
548,394,1.0
548,338,1.0
548,1730,1.0
548,3804,1.0
548,4501,1.0
549,135,1.0
549,966,1.0
549,2898,1.0
549,4983,1.0
549,4321,1.0
549,5958,1.0
549,3216,1.0
550,354,1.0
550,5467,1.0
550,5327,1.0
550,5795,1.0
551,733,1.0
551,440,1.0
551,3953,1.0
552,165,1.0
552,4034,1.0
552,5731,1.0
553,2812,1.0
553,5007,1.0
553,5113,1.0
553,3900,1.0
553,779,1.0
553,7321,1.0
553,7188,1.0
554,1975,1.0
554,60,1.0
554,7081,1.0
555,7708,1.0
555,835,1.0
555,5394,1.0
555,1408,1.0
555,7177,1.0
555,3040,1.0
555,7301,1.0
556,6768,1.0
556,1133,1.0
556,1221,1.0
556,5242,1.0
556,1737,1.0
556,1806,1.0
556,167,1.0
557,6893,1.0
557,2102,1.0
557,2354,1.0
557,4571,1.0
558,2411,1.0
558,4952,1.0
558,353,1.0
558,139,1.0
559,5035,1.0
559,1624,1.0
559,312,1.0
559,954,1.0
559,7137,1.0
560,5618,1.0
560,6762,1.0
560,4156,1.0
560,6864,1.0
561,6461,1.0
561,5760,1.0
561,70,1.0
561,943,1.0
561,3823,1.0
561,3533,1.0
562,1468,1.0
562,3844,1.0
562,4957,1.0
562,387,1.0
562,6421,1.0
562,2388,1.0
562,537,1.0
563,5451,1.0
563,3842,1.0
563,5379,1.0
564,7459,1.0
564,4273,1.0
564,1472,1.0
564,5946,1.0
564,1907,1.0
564,4914,1.0
565,7405,1.0
565,3040,1.0
565,4930,1.0
565,5510,1.0
566,1763,1.0
566,5002,1.0
566,6923,1.0
566,1063,1.0
566,5569,1.0
566,5079,1.0
566,5352,1.0
567,6524,1.0
567,4258,1.0
567,7191,1.0
567,416,1.0
567,5,1.0
567,1261,1.0
568,1919,1.0
568,5026,1.0
568,1973,1.0
568,6542,1.0
568,4311,1.0
569,2557,1.0
569,605,1.0
569,7084,1.0
569,6958,1.0
569,754,1.0
569,2732,1.0
569,759,1.0
570,2828,1.0
570,7218,1.0
570,5640,1.0
570,3248,1.0
570,3364,1.0
570,77,1.0
570,1379,1.0
571,573,1.0
571,2458,1.0
571,5958,1.0
571,5419,1.0
571,4051,1.0
572,781,1.0
572,6185,1.0
572,2478,1.0
572,890,1.0
572,6027,1.0
573,3090,1.0
573,4685,1.0
573,6333,1.0
573,7500,1.0
573,3239,1.0
574,1100,1.0
574,2939,1.0
574,4796,1.0
574,2117,1.0
575,718,1.0
575,2207,1.0
575,5613,1.0
575,4361,1.0
575,4524,1.0
575,3240,1.0
575,1054,1.0
576,1320,1.0
576,296,1.0
576,4651,1.0
576,7795,1.0
576,492,1.0
576,2023,1.0
577,6355,1.0
577,866,1.0
577,7384,1.0
577,2188,1.0
577,5394,1.0
577,4447,1.0
577,694,1.0
578,4441,1.0
578,2203,1.0
578,601,1.0
578,4779,1.0
579,6775,1.0
579,2093,1.0
579,575,1.0
579,4195,1.0
579,810,1.0
579,269,1.0
579,1797,1.0
580,2817,1.0
580,1303,1.0
580,5257,1.0
581,668,1.0
581,3166,1.0
581,451,1.0
581,5219,1.0
582,3002,1.0
582,5605,1.0
582,818,1.0
582,1097,1.0
582,2012,1.0
582,5246,1.0
582,6986,1.0
583,3631,1.0
583,1564,1.0
583,4923,1.0
583,6041,1.0
583,7763,1.0
583,5604,1.0
584,6379,1.0
584,5647,1.0
584,6628,1.0
584,2302,1.0
585,6581,1.0
585,2370,1.0
585,862,1.0
585,583,1.0
585,1151,1.0
585,4377,1.0
586,7803,1.0
586,7758,1.0
586,3627,1.0
586,3721,1.0
586,2425,1.0
587,5681,1.0
587,3812,1.0
587,843,1.0
587,2632,1.0
588,919,1.0
588,5017,1.0
588,6788,1.0
588,516,1.0
588,218,1.0
588,6258,1.0
589,717,1.0
589,6737,1.0
589,19,1.0
589,7040,1.0
589,1367,1.0
589,6595,1.0
589,4018,1.0
590,554,1.0
590,59,1.0
590,5303,1.0
590,4528,1.0
590,5532,1.0
590,106,1.0
591,2798,1.0
591,4250,1.0
591,5080,1.0
592,1516,1.0
592,3063,1.0
592,5921,1.0
592,4211,1.0
592,7352,1.0
592,1771,1.0
592,384,1.0
593,1871,1.0
593,2918,1.0
593,2034,1.0
593,494,1.0
593,5188,1.0
594,4903,1.0
594,5964,1.0
594,4149,1.0
594,797,1.0
594,6257,1.0
594,4331,1.0
595,6031,1.0
595,5670,1.0
595,5229,1.0
595,7785,1.0
595,4239,1.0
595,1634,1.0
596,4488,1.0
596,1706,1.0
596,2367,1.0
596,581,1.0
597,4003,1.0
597,1680,1.0
597,2533,1.0
597,6150,1.0
597,3531,1.0
597,5275,1.0
597,7732,1.0
598,6822,1.0
598,4974,1.0
598,7733,1.0
598,3289,1.0
599,7855,1.0
599,1327,1.0
599,6458,1.0
600,4534,1.0
600,6565,1.0
600,2178,1.0
600,4537,1.0
600,473,1.0
600,5936,1.0
601,5326,1.0
601,355,1.0
601,3613,1.0
601,1224,1.0
601,4633,1.0
602,2183,1.0
602,2437,1.0
602,5164,1.0
602,6990,1.0
602,3730,1.0
602,288,1.0
602,4612,1.0
603,4933,1.0
603,6404,1.0
603,3374,1.0
603,7595,1.0
603,383,1.0
603,18,1.0
604,5000,1.0
604,4223,1.0
604,1866,1.0
604,2349,1.0
604,7710,1.0
604,6795,1.0
604,1922,1.0
605,3824,1.0
605,3451,1.0
605,4977,1.0
606,1878,1.0
606,380,1.0
606,7886,1.0
606,2567,1.0
606,635,1.0
607,6514,1.0
607,7607,1.0
607,4210,1.0
607,7233,1.0
608,6095,1.0
608,4132,1.0
608,4410,1.0
608,3747,1.0
608,246,1.0
608,7436,1.0
608,991,1.0
609,4582,1.0
609,151,1.0
609,1482,1.0
609,4852,1.0
609,7557,1.0
609,6444,1.0
610,2044,1.0
610,6941,1.0
610,3429,1.0
610,3162,1.0
610,898,1.0
610,2447,1.0
611,1669,1.0
611,3392,1.0
611,7121,1.0
611,909,1.0
611,852,1.0
612,6636,1.0
612,636,1.0
612,5451,1.0
612,5773,1.0
612,253,1.0
612,243,1.0
612,4478,1.0
613,4174,1.0
613,3937,1.0
613,6854,1.0
613,850,1.0
614,3845,1.0
614,4204,1.0
614,6257,1.0
614,652,1.0
614,6873,1.0
614,6535,1.0
615,1558,1.0
615,3930,1.0
615,4598,1.0
616,5111,1.0
616,1837,1.0
616,6472,1.0
616,2726,1.0
616,204,1.0
617,5341,1.0
617,4667,1.0
617,1770,1.0
617,4799,1.0
617,443,1.0
617,6510,1.0
617,3444,1.0
618,3923,1.0
618,7302,1.0
618,1390,1.0
618,6748,1.0
618,6312,1.0
619,1081,1.0
619,301,1.0
619,7263,1.0
620,6591,1.0
620,7153,1.0
620,868,1.0
620,989,1.0
620,1796,1.0
621,2034,1.0
621,2522,1.0
621,7388,1.0
622,7375,1.0
622,7319,1.0
622,5451,1.0
622,4138,1.0
622,4520,1.0
622,6816,1.0
623,2247,1.0
623,7630,1.0
623,531,1.0
624,2917,1.0
624,3623,1.0
624,7743,1.0
625,6483,1.0
625,2893,1.0
625,5265,1.0
625,1092,1.0
625,6202,1.0
626,3503,1.0
626,7189,1.0
626,6762,1.0
626,5829,1.0
626,2682,1.0
627,3087,1.0
627,5598,1.0
627,5337,1.0
627,7769,1.0
628,88,1.0
628,994,1.0
628,4568,1.0
629,5924,1.0
629,1222,1.0
629,3134,1.0
629,7228,1.0
629,1453,1.0
629,6160,1.0
629,370,1.0
630,2926,1.0
630,7726,1.0
630,4431,1.0
630,1706,1.0
630,7092,1.0
631,7705,1.0
631,3773,1.0
631,1259,1.0
631,7000,1.0
631,7347,1.0
631,4811,1.0
631,6672,1.0
632,5293,1.0
632,4586,1.0
632,4135,1.0
632,7745,1.0
632,1310,1.0
632,1935,1.0
632,2713,1.0
633,6727,1.0
633,6164,1.0
633,2841,1.0
634,7397,1.0
634,7905,1.0
634,1446,1.0
634,6894,1.0
635,3961,1.0
635,2817,1.0
635,1262,1.0
635,3167,1.0
636,7386,1.0
636,6198,1.0
636,2815,1.0
636,7621,1.0
637,7885,1.0
637,2832,1.0
637,1906,1.0
637,5972,1.0
637,6453,1.0
637,7162,1.0
638,5259,1.0
638,2957,1.0
638,7832,1.0
638,1999,1.0
638,3249,1.0
639,7173,1.0
639,2130,1.0
639,6870,1.0
639,3562,1.0
639,473,1.0
639,1448,1.0
639,5844,1.0
640,1934,1.0
640,5621,1.0
640,4323,1.0
641,3010,1.0
641,20,1.0
641,6986,1.0
641,4399,1.0
642,6044,1.0
642,4957,1.0
642,4703,1.0
642,4357,1.0
642,6652,1.0
642,2512,1.0
642,4488,1.0
643,4110,1.0
643,5748,1.0
643,2394,1.0
643,2964,1.0
643,2928,1.0
643,5025,1.0
644,7510,1.0
644,4437,1.0
644,4408,1.0
644,1939,1.0
644,6127,1.0
645,1172,1.0
645,4548,1.0
645,5117,1.0
645,648,1.0
645,6668,1.0
646,6648,1.0
646,5212,1.0
646,7544,1.0
646,6016,1.0
647,5827,1.0
647,5444,1.0
647,7130,1.0
648,7241,1.0
648,415,1.0
648,4038,1.0
648,4285,1.0
648,5560,1.0
648,2039,1.0
648,5382,1.0
649,6646,1.0
649,4354,1.0
649,6304,1.0
649,702,1.0
649,864,1.0
649,3928,1.0
650,1256,1.0
650,5737,1.0
650,2262,1.0
650,3651,1.0
650,7865,1.0
650,2121,1.0
650,7404,1.0
651,41,1.0
651,1643,1.0
651,3838,1.0
651,3187,1.0
651,6413,1.0
651,7142,1.0
651,3949,1.0
652,799,1.0
652,7443,1.0
652,131,1.0
652,5072,1.0
653,4927,1.0
653,4179,1.0
653,2592,1.0
653,1335,1.0
653,4389,1.0
653,5393,1.0
653,7212,1.0
654,993,1.0
654,3133,1.0
654,1389,1.0
655,4626,1.0
655,616,1.0
655,3244,1.0
655,1230,1.0
655,1613,1.0
655,635,1.0
656,5429,1.0
656,4742,1.0
656,609,1.0
657,5740,1.0
657,6739,1.0
657,2293,1.0
657,5541,1.0
657,5843,1.0
657,7668,1.0
657,3089,1.0
658,1507,1.0
658,3085,1.0
658,2589,1.0
659,5226,1.0
659,5076,1.0
659,1474,1.0
660,1709,1.0
660,777,1.0
660,6141,1.0
660,7821,1.0
660,4365,1.0
661,3727,1.0
661,4718,1.0
661,82,1.0
662,3364,1.0
662,6485,1.0
662,3008,1.0
662,7093,1.0
662,4598,1.0
663,6650,1.0
663,3450,1.0
663,3757,1.0
664,7353,1.0
664,3227,1.0
664,486,1.0
664,6631,1.0
664,4377,1.0
664,6032,1.0
665,2035,1.0
665,7733,1.0
665,6061,1.0
665,4500,1.0
665,4973,1.0
665,5462,1.0
665,689,1.0
666,2471,1.0
666,4352,1.0
666,6348,1.0
666,7803,1.0
666,6183,1.0
666,7442,1.0
666,2810,1.0
667,6402,1.0
667,1514,1.0
667,6363,1.0
668,6653,1.0
668,5418,1.0
668,3895,1.0
668,5088,1.0
669,2247,1.0
669,314,1.0
669,940,1.0
669,7158,1.0
669,2240,1.0
670,4031,1.0
670,2475,1.0
670,573,1.0
670,1501,1.0
670,7464,1.0
671,5288,1.0
671,503,1.0
671,3514,1.0
671,7440,1.0
672,4744,1.0
672,6133,1.0
672,7427,1.0
672,5066,1.0
672,5933,1.0
673,6443,1.0
673,1271,1.0
673,3241,1.0
673,3180,1.0
673,3177,1.0
674,2468,1.0
674,6889,1.0
674,629,1.0
674,3669,1.0
674,3240,1.0
674,5602,1.0
675,5652,1.0
675,7922,1.0
675,771,1.0
675,2844,1.0
675,4122,1.0
676,2013,1.0
676,2333,1.0
676,4955,1.0
676,1591,1.0
676,5013,1.0
676,2618,1.0
676,5415,1.0
677,5967,1.0
677,2796,1.0
677,4586,1.0
677,72,1.0
677,2567,1.0
677,2621,1.0
677,587,1.0
678,2668,1.0
678,6497,1.0
678,3691,1.0
678,6012,1.0
678,878,1.0
678,600,1.0
679,7083,1.0
679,3713,1.0
679,2452,1.0
679,4841,1.0
679,6337,1.0
680,5746,1.0
680,5601,1.0
680,4043,1.0
680,5691,1.0
680,4537,1.0
680,5142,1.0
681,7392,1.0
681,1534,1.0
681,1839,1.0
681,299,1.0
681,4863,1.0
681,6579,1.0
681,3745,1.0
682,3718,1.0
682,363,1.0
682,1396,1.0
682,3306,1.0
682,7147,1.0
682,4124,1.0
683,1017,1.0
683,5452,1.0
683,576,1.0
683,6770,1.0
683,2881,1.0
683,4818,1.0
683,7560,1.0
684,962,1.0
684,1523,1.0
684,3295,1.0
684,1408,1.0
684,4051,1.0
684,6407,1.0
685,7521,1.0
685,1623,1.0
685,2762,1.0
685,4529,1.0
686,1351,1.0
686,1107,1.0
686,6324,1.0
686,4577,1.0
686,6559,1.0
686,6689,1.0
686,4288,1.0
687,3112,1.0
687,4400,1.0
687,315,1.0
687,3417,1.0
687,6382,1.0
688,2554,1.0
688,2353,1.0
688,197,1.0
689,659,1.0
689,3179,1.0
689,103,1.0
689,7118,1.0
690,5668,1.0
690,2843,1.0
690,5222,1.0
690,5435,1.0
691,6557,1.0
691,2307,1.0
691,6493,1.0
691,1653,1.0
692,82,1.0
692,126,1.0
692,2991,1.0
692,5326,1.0
692,4303,1.0
692,6409,1.0
692,1508,1.0
693,4055,1.0
693,1849,1.0
693,5863,1.0
693,3150,1.0
694,5066,1.0
694,2129,1.0
694,2349,1.0
694,5553,1.0
694,1470,1.0
694,1479,1.0
695,1263,1.0
695,1633,1.0
695,6953,1.0
695,4920,1.0
695,2268,1.0
696,5912,1.0
696,2470,1.0
696,6167,1.0
696,6617,1.0
697,5555,1.0
697,7504,1.0
697,1574,1.0
697,5736,1.0
697,5216,1.0
697,7487,1.0
697,1163,1.0
698,5951,1.0
698,4927,1.0
698,121,1.0
698,7488,1.0
698,1965,1.0
698,4866,1.0
698,6827,1.0
699,2760,1.0
699,397,1.0
699,7711,1.0
699,3549,1.0
699,7391,1.0
699,2564,1.0
700,376,1.0
700,1965,1.0
700,5578,1.0
700,4464,1.0
700,1961,1.0
700,5452,1.0
700,886,1.0
701,128,1.0
701,5739,1.0
701,7874,1.0
701,3202,1.0
701,5358,1.0
702,6250,1.0
702,3557,1.0
702,4714,1.0
702,3040,1.0
703,1795,1.0
703,93,1.0
703,675,1.0
703,281,1.0
703,5792,1.0
703,104,1.0
704,3619,1.0
704,1126,1.0
704,6134,1.0
704,5669,1.0
705,5535,1.0
705,3645,1.0
705,1863,1.0
705,2295,1.0
705,1541,1.0
706,2169,1.0
706,2078,1.0
706,7293,1.0
706,91,1.0
707,7474,1.0
707,5621,1.0
707,4966,1.0
707,1571,1.0
707,7805,1.0
708,7501,1.0
708,5828,1.0
708,1259,1.0
708,5352,1.0
708,3198,1.0
708,5286,1.0
709,4322,1.0
709,4935,1.0
709,620,1.0
709,277,1.0
710,3195,1.0
710,3758,1.0
710,870,1.0
710,4594,1.0
710,19,1.0
710,7339,1.0
710,1519,1.0
711,7159,1.0
711,1092,1.0
711,1479,1.0
712,7044,1.0
712,7862,1.0
712,7047,1.0
712,4095,1.0
712,5732,1.0
713,2641,1.0
713,4655,1.0
713,1234,1.0
713,616,1.0
713,5538,1.0
713,60,1.0
714,5475,1.0
714,1841,1.0
714,2000,1.0
714,1179,1.0
715,5555,1.0
715,3054,1.0
715,7885,1.0
715,2528,1.0
715,3418,1.0
715,2498,1.0
716,3302,1.0
716,4448,1.0
716,6522,1.0
717,4710,1.0
717,1000,1.0
717,7243,1.0
717,5868,1.0
717,3733,1.0
717,2923,1.0
717,4582,1.0
718,1005,1.0
718,2020,1.0
718,3413,1.0
718,2755,1.0
718,6547,1.0
718,4453,1.0
718,1260,1.0
719,3969,1.0
719,2342,1.0
719,2015,1.0
719,2537,1.0
719,4116,1.0
720,3762,1.0
720,275,1.0
720,3387,1.0
720,3523,1.0
720,1858,1.0
721,6313,1.0
721,173,1.0
721,3910,1.0
722,6302,1.0
722,3975,1.0
722,7318,1.0
722,3494,1.0
722,7748,1.0
723,487,1.0
723,1515,1.0
723,5600,1.0
723,2415,1.0
723,6705,1.0
723,1348,1.0
724,5742,1.0
724,1004,1.0
724,392,1.0
724,7296,1.0
725,7086,1.0
725,2149,1.0
725,743,1.0
725,7924,1.0
725,4652,1.0
725,5791,1.0
725,5354,1.0
726,7425,1.0
726,1196,1.0
726,91,1.0
726,4487,1.0
726,138,1.0
726,3589,1.0
727,2214,1.0
727,5604,1.0
727,3711,1.0
727,2269,1.0
727,552,1.0
728,2784,1.0
728,1590,1.0
728,3647,1.0
728,457,1.0
728,1655,1.0
728,1460,1.0
729,6153,1.0
729,3733,1.0
729,1809,1.0
730,3061,1.0
730,1673,1.0
730,4421,1.0
731,3206,1.0
731,2049,1.0
731,4180,1.0
731,2660,1.0
731,2677,1.0
732,6241,1.0
732,2312,1.0
732,7238,1.0
732,1090,1.0
732,3556,1.0
733,3326,1.0
733,6662,1.0
733,1657,1.0
733,2466,1.0
733,6123,1.0
733,803,1.0
733,814,1.0
734,2467,1.0
734,3427,1.0
734,6323,1.0
734,3351,1.0
734,5485,1.0
734,4837,1.0
734,5484,1.0
735,259,1.0
735,3193,1.0
735,6868,1.0
735,3927,1.0
735,74,1.0
735,337,1.0
736,5638,1.0
736,5487,1.0
736,2739,1.0
736,7927,1.0
737,7361,1.0
737,3216,1.0
737,7686,1.0
738,2071,1.0
738,2052,1.0
738,1282,1.0
738,2009,1.0
738,5589,1.0
738,6755,1.0
738,3465,1.0
739,7019,1.0
739,3365,1.0
739,5681,1.0
739,7355,1.0
739,6275,1.0
739,3539,1.0
740,1230,1.0
740,2113,1.0
740,4417,1.0
740,4656,1.0
741,5106,1.0
741,2808,1.0
741,572,1.0
741,3658,1.0
741,5545,1.0
741,6634,1.0
742,1577,1.0
742,4271,1.0
742,7423,1.0
742,4631,1.0
743,7773,1.0
743,6361,1.0
743,4288,1.0
743,5998,1.0
743,6887,1.0
743,1509,1.0
744,2466,1.0
744,2673,1.0
744,5621,1.0
744,6641,1.0
744,1363,1.0
744,1566,1.0
744,5631,1.0
745,5828,1.0
745,1857,1.0
745,3985,1.0
745,2131,1.0
745,1432,1.0
745,887,1.0
745,3795,1.0
746,4038,1.0
746,2232,1.0
746,39,1.0
746,521,1.0
747,5547,1.0
747,5074,1.0
747,814,1.0
747,7433,1.0
747,4805,1.0
747,4181,1.0
747,6485,1.0
748,4547,1.0
748,3027,1.0
748,266,1.0
748,4686,1.0
748,1652,1.0
748,375,1.0
749,5616,1.0
749,2297,1.0
749,5017,1.0
750,2408,1.0
750,3854,1.0
750,7633,1.0
750,2224,1.0
750,5762,1.0
750,707,1.0
750,2288,1.0
751,976,1.0
751,1393,1.0
751,5164,1.0
752,3407,1.0
752,7263,1.0
752,4216,1.0
752,4604,1.0
752,5789,1.0
752,4208,1.0
752,475,1.0
753,7326,1.0
753,2042,1.0
753,5428,1.0
754,1234,1.0
754,5415,1.0
754,6319,1.0
754,973,1.0
754,1574,1.0
754,7362,1.0
755,1290,1.0
755,7105,1.0
755,5594,1.0
755,4755,1.0
756,5861,1.0
756,7489,1.0
756,1636,1.0
756,2596,1.0
757,3289,1.0
757,7248,1.0
757,924,1.0
757,2684,1.0
758,7655,1.0
758,234,1.0
758,1259,1.0
758,1028,1.0
758,2029,1.0
759,2524,1.0
759,7005,1.0
759,6670,1.0
760,4364,1.0
760,7335,1.0
760,3373,1.0
761,3139,1.0
761,2292,1.0
761,2695,1.0
761,6084,1.0
761,1391,1.0
761,5519,1.0
762,3480,1.0
762,2219,1.0
762,3401,1.0
762,4913,1.0
762,2797,1.0
762,4900,1.0
762,53,1.0
763,2733,1.0
763,3226,1.0
763,4802,1.0
764,1816,1.0
764,1972,1.0
764,3759,1.0
764,5760,1.0
764,5705,1.0
765,515,1.0
765,6040,1.0
765,5224,1.0
765,827,1.0
765,7105,1.0
765,4009,1.0
765,3771,1.0
766,1494,1.0
766,4925,1.0
766,2443,1.0
766,1057,1.0
766,6871,1.0
766,6009,1.0
767,6457,1.0
767,5570,1.0
767,7351,1.0
767,4703,1.0
767,6565,1.0
767,6387,1.0
767,1070,1.0
768,2015,1.0
768,4138,1.0
768,4863,1.0
768,975,1.0
768,2465,1.0
769,5281,1.0
769,3965,1.0
769,4354,1.0
769,6700,1.0
769,2029,1.0
770,1007,1.0
770,2983,1.0
770,1170,1.0
770,7392,1.0
770,1101,1.0
771,7489,1.0
771,7002,1.0
771,413,1.0
771,4496,1.0
772,1691,1.0
772,6250,1.0
772,4563,1.0
772,4532,1.0
772,1676,1.0
772,2623,1.0
772,2457,1.0
773,7085,1.0
773,2509,1.0
773,4693,1.0
773,1977,1.0
774,7139,1.0
774,3604,1.0
774,6208,1.0
774,7277,1.0
774,6257,1.0
775,6072,1.0
775,2446,1.0
775,6675,1.0
776,1321,1.0
776,2221,1.0
776,6791,1.0
776,81,1.0
776,4207,1.0
777,2353,1.0
777,5257,1.0
777,2519,1.0
777,3398,1.0
777,4832,1.0
777,6306,1.0
778,225,1.0
778,1720,1.0
778,4290,1.0
778,6450,1.0
778,7560,1.0
778,4872,1.0
779,4180,1.0
779,5718,1.0
779,5537,1.0
779,6931,1.0
779,262,1.0
779,7283,1.0
780,7281,1.0
780,4365,1.0
780,3502,1.0
780,7457,1.0
780,5883,1.0
780,2929,1.0
780,1206,1.0
781,867,1.0
781,6918,1.0
781,1912,1.0
781,1862,1.0
781,5353,1.0
781,800,1.0
781,6115,1.0
782,2863,1.0
782,24,1.0
782,3041,1.0
782,373,1.0
783,138,1.0
783,4880,1.0
783,1460,1.0
784,2527,1.0
784,6252,1.0
784,1863,1.0
784,1349,1.0
784,2991,1.0
784,4701,1.0
784,6409,1.0
785,2790,1.0
785,5820,1.0
785,3434,1.0
786,4807,1.0
786,7195,1.0
786,88,1.0
786,7198,1.0
786,4082,1.0
786,229,1.0
786,2027,1.0
787,6595,1.0
787,6368,1.0
787,4828,1.0
787,2779,1.0
788,7056,1.0
788,5035,1.0
788,476,1.0
788,7292,1.0
788,6849,1.0
788,6828,1.0
788,6329,1.0
789,5658,1.0
789,7517,1.0
789,2823,1.0
789,6459,1.0
789,6187,1.0
789,2451,1.0
790,6079,1.0
790,3387,1.0
790,6944,1.0
790,979,1.0
790,3152,1.0
790,1491,1.0
790,4888,1.0
791,4402,1.0
791,4814,1.0
791,7426,1.0
792,2601,1.0
792,2350,1.0
792,6124,1.0
792,5413,1.0
792,825,1.0
792,1791,1.0
793,6511,1.0
793,3519,1.0
793,2992,1.0
793,5684,1.0
793,4049,1.0
793,5188,1.0
794,3609,1.0
794,6396,1.0
794,226,1.0
794,6939,1.0
794,5526,1.0
794,6706,1.0
795,1783,1.0
795,5834,1.0
795,3256,1.0
796,2944,1.0
796,3245,1.0
796,3014,1.0
796,2749,1.0
796,3953,1.0
796,3940,1.0
797,3603,1.0
797,5029,1.0
797,2719,1.0
797,3364,1.0
797,1432,1.0
798,362,1.0
798,800,1.0
798,1520,1.0
798,1369,1.0
798,447,1.0
799,447,1.0
799,7817,1.0
799,5792,1.0
799,704,1.0
799,2634,1.0
799,2998,1.0
800,4219,1.0
800,2154,1.0
800,6862,1.0
801,4408,1.0
801,7672,1.0
801,1021,1.0
802,1170,1.0
802,716,1.0
802,1197,1.0
802,1716,1.0
802,3938,1.0
802,5845,1.0
803,4061,1.0
803,707,1.0
803,6932,1.0
803,7181,1.0
804,658,1.0
804,5454,1.0
804,1555,1.0
804,1012,1.0
804,5357,1.0
805,2277,1.0
805,573,1.0
805,5515,1.0
805,270,1.0
805,6867,1.0
805,2924,1.0
806,1253,1.0
806,3539,1.0
806,4819,1.0
806,5392,1.0
806,5291,1.0
806,5576,1.0
806,2626,1.0
807,6375,1.0
807,890,1.0
807,3976,1.0
807,1669,1.0
807,1363,1.0
808,3887,1.0
808,2280,1.0
808,5766,1.0
808,1325,1.0
808,2227,1.0
808,7588,1.0
808,7573,1.0
809,88,1.0
809,2180,1.0
809,6757,1.0
810,4973,1.0
810,1920,1.0
810,141,1.0
810,7012,1.0
810,6693,1.0
811,171,1.0
811,2264,1.0
811,2225,1.0
811,145,1.0
811,2702,1.0
812,7267,1.0
812,7775,1.0
812,5501,1.0
812,4232,1.0
812,3611,1.0
813,1309,1.0
813,3512,1.0
813,6969,1.0
813,7538,1.0
813,7065,1.0
814,745,1.0
814,1284,1.0
814,520,1.0
814,6707,1.0
814,240,1.0
814,2502,1.0
814,4344,1.0
815,7217,1.0
815,1087,1.0
815,312,1.0
815,7425,1.0
816,6732,1.0
816,5598,1.0
816,5332,1.0
817,121,1.0
817,6185,1.0
817,5623,1.0
817,7709,1.0
817,2340,1.0
817,7388,1.0
818,7517,1.0
818,1945,1.0
818,4228,1.0
818,7430,1.0
818,1351,1.0
818,5673,1.0
818,823,1.0
819,6262,1.0
819,824,1.0
819,7071,1.0
819,5474,1.0
819,2785,1.0
819,626,1.0
819,830,1.0
820,6787,1.0
820,6352,1.0
820,441,1.0
820,4139,1.0
821,1840,1.0
821,5325,1.0
821,325,1.0
821,1767,1.0
821,4913,1.0
821,2026,1.0
822,981,1.0
822,336,1.0
822,2523,1.0
823,6192,1.0
823,6034,1.0
823,4478,1.0
823,3021,1.0
824,4683,1.0
824,1043,1.0
824,6407,1.0
824,2705,1.0
824,3302,1.0
825,5143,1.0
825,3326,1.0
825,503,1.0
825,2232,1.0
825,2550,1.0
825,7082,1.0
826,4279,1.0
826,2710,1.0
826,1859,1.0
826,1059,1.0
827,1407,1.0
827,6624,1.0
827,4931,1.0
827,7498,1.0
827,7814,1.0
827,3866,1.0
827,3284,1.0
828,8,1.0
828,5097,1.0
828,7164,1.0
829,826,1.0
829,6435,1.0
829,4992,1.0
829,3538,1.0
829,279,1.0
829,6242,1.0
830,4323,1.0
830,2634,1.0
830,6072,1.0
830,264,1.0
830,4694,1.0
830,3137,1.0
831,2853,1.0
831,7594,1.0
831,7510,1.0
831,414,1.0
831,6850,1.0
831,3114,1.0
831,5863,1.0
832,3029,1.0
832,7244,1.0
832,5489,1.0
832,7769,1.0
832,7074,1.0
832,6221,1.0
832,2739,1.0
833,2585,1.0
833,1672,1.0
833,638,1.0
833,7271,1.0
833,7675,1.0
833,3257,1.0
834,4074,1.0
834,454,1.0
834,1011,1.0
834,6707,1.0
835,6875,1.0
835,7842,1.0
835,1975,1.0
835,5854,1.0
835,707,1.0
835,2555,1.0
835,969,1.0
836,2196,1.0
836,2936,1.0
836,7067,1.0
836,3783,1.0
836,4182,1.0
836,76,1.0
837,248,1.0
837,5159,1.0
837,2195,1.0
838,443,1.0
838,1047,1.0
838,1903,1.0
838,2562,1.0
839,2923,1.0
839,1245,1.0
839,3221,1.0
839,5573,1.0
840,2293,1.0
840,2303,1.0
840,672,1.0
840,473,1.0
841,3978,1.0
841,4830,1.0
841,712,1.0
841,5900,1.0
841,1669,1.0
841,2689,1.0
841,2775,1.0
842,911,1.0
842,3009,1.0
842,7539,1.0
842,4194,1.0
842,6444,1.0
843,6831,1.0
843,329,1.0
843,4356,1.0
843,3132,1.0
843,7895,1.0
843,2322,1.0
843,2548,1.0
844,1625,1.0
844,7826,1.0
844,3603,1.0
844,4671,1.0
844,7436,1.0
844,2109,1.0
844,4581,1.0
845,5143,1.0
845,2341,1.0
845,1796,1.0
846,6580,1.0
846,3545,1.0
846,2935,1.0
846,6497,1.0
847,7891,1.0
847,4350,1.0
847,997,1.0
847,3002,1.0
847,2226,1.0
848,2239,1.0
848,7568,1.0
848,6603,1.0
849,2266,1.0
849,7665,1.0
849,3586,1.0
850,3825,1.0
850,1154,1.0
850,6996,1.0
850,1014,1.0
850,139,1.0
850,2110,1.0
851,4969,1.0
851,6945,1.0
851,5578,1.0
851,1323,1.0
852,3564,1.0
852,1342,1.0
852,5218,1.0
852,5797,1.0
852,5939,1.0
852,4317,1.0
853,202,1.0
853,955,1.0
853,4062,1.0
854,6763,1.0
854,7655,1.0
854,1799,1.0
855,7820,1.0
855,85,1.0
855,2942,1.0
855,2475,1.0
856,2910,1.0
856,349,1.0
856,4839,1.0
857,2715,1.0
857,4324,1.0
857,6457,1.0
857,2462,1.0
857,7014,1.0
857,2529,1.0
857,1829,1.0
858,6831,1.0
858,7362,1.0
858,5964,1.0
858,481,1.0
858,796,1.0
858,7534,1.0
859,7593,1.0
859,3738,1.0
859,6134,1.0
859,231,1.0
859,5531,1.0
859,7314,1.0
860,6760,1.0
860,4287,1.0
860,7353,1.0
860,4413,1.0
860,1874,1.0
860,1600,1.0
861,6392,1.0
861,1949,1.0
861,4298,1.0
861,6711,1.0
862,6091,1.0
862,3067,1.0
862,4550,1.0
863,7581,1.0
863,692,1.0
863,3092,1.0
863,5453,1.0
863,7141,1.0
863,6029,1.0
863,4506,1.0
864,4442,1.0
864,6501,1.0
864,2449,1.0
864,5963,1.0
865,5615,1.0
865,3180,1.0
865,7744,1.0
866,2235,1.0
866,2233,1.0
866,6933,1.0
866,7702,1.0
867,5105,1.0
867,2049,1.0
867,3864,1.0
867,6004,1.0
868,3230,1.0
868,5240,1.0
868,249,1.0
868,4256,1.0
868,7288,1.0
868,792,1.0
868,4265,1.0
869,3343,1.0
869,735,1.0
869,6504,1.0
869,420,1.0
869,4058,1.0
869,5785,1.0
869,1221,1.0
870,161,1.0
870,6888,1.0
870,51,1.0
870,6639,1.0
870,5908,1.0
870,5181,1.0
870,6138,1.0
871,5682,1.0
871,2891,1.0
871,7759,1.0
871,2788,1.0
872,2020,1.0
872,2303,1.0
872,7201,1.0
872,5941,1.0
872,4270,1.0
872,5857,1.0
873,4467,1.0
873,2064,1.0
873,2117,1.0
873,3701,1.0
874,6787,1.0
874,4985,1.0
874,784,1.0
874,4291,1.0
874,6917,1.0
875,5670,1.0
875,581,1.0
875,4802,1.0
875,1056,1.0
875,7436,1.0
876,3048,1.0
876,4563,1.0
876,7090,1.0
877,3403,1.0
877,302,1.0
877,2301,1.0
877,27,1.0
877,3559,1.0
877,2005,1.0
878,5942,1.0
878,3599,1.0
878,7319,1.0
878,6920,1.0
879,205,1.0
879,6111,1.0
879,17,1.0
880,4652,1.0
880,3348,1.0
880,4594,1.0
880,3750,1.0
880,1114,1.0
881,4022,1.0
881,3304,1.0
881,7247,1.0
882,7361,1.0
882,2740,1.0
882,2996,1.0
882,6876,1.0
882,2729,1.0
882,7343,1.0
882,4670,1.0
883,5365,1.0
883,5678,1.0
883,6005,1.0
883,3752,1.0
883,4407,1.0
884,1400,1.0
884,6424,1.0
884,3075,1.0
884,6088,1.0
884,4579,1.0
884,6888,1.0
884,4412,1.0
885,3714,1.0
885,2884,1.0
885,5178,1.0
885,1200,1.0
885,6216,1.0
885,1030,1.0
886,5088,1.0
886,7743,1.0
886,7787,1.0
886,6797,1.0
887,3918,1.0
887,1588,1.0
887,1630,1.0
887,1644,1.0
887,4659,1.0
887,1352,1.0
888,914,1.0
888,3429,1.0
888,6768,1.0
888,5895,1.0
888,1240,1.0
889,142,1.0
889,6301,1.0
889,4081,1.0
889,798,1.0
889,4888,1.0
890,494,1.0
890,4053,1.0
890,7890,1.0
890,6468,1.0
890,2972,1.0
891,3513,1.0
891,2571,1.0
891,910,1.0
892,3748,1.0
892,2443,1.0
892,2280,1.0
892,6040,1.0
892,3143,1.0
893,7317,1.0
893,4242,1.0
893,3381,1.0
893,985,1.0
893,988,1.0
894,2869,1.0
894,1049,1.0
894,5722,1.0
894,2648,1.0
894,1476,1.0
894,473,1.0
894,3784,1.0
895,2719,1.0
895,5664,1.0
895,4698,1.0
895,3614,1.0
895,4408,1.0
895,4340,1.0
895,2749,1.0
896,4252,1.0
896,1216,1.0
896,6999,1.0
896,4697,1.0
897,5283,1.0
897,5148,1.0
897,1693,1.0
897,3411,1.0
897,4452,1.0
897,4734,1.0
897,7479,1.0
898,1242,1.0
898,7094,1.0
898,5330,1.0
898,2281,1.0
898,635,1.0
898,5432,1.0
898,168,1.0
899,3120,1.0
899,7258,1.0
899,6694,1.0
899,6242,1.0
900,3427,1.0
900,7045,1.0
900,2235,1.0
900,4359,1.0
900,4915,1.0
901,595,1.0
901,257,1.0
901,5958,1.0
901,6142,1.0
901,6475,1.0
901,7646,1.0
902,6395,1.0
902,5155,1.0
902,5040,1.0
902,7147,1.0
903,5301,1.0
903,7119,1.0
903,3937,1.0
903,4821,1.0
903,2568,1.0
903,7417,1.0
903,5929,1.0
904,5448,1.0
904,264,1.0
904,5209,1.0
904,7143,1.0
904,6418,1.0
904,2854,1.0
905,170,1.0
905,1531,1.0
905,2998,1.0
905,3220,1.0
906,218,1.0
906,7815,1.0
906,4884,1.0
906,5548,1.0
907,1187,1.0
907,2772,1.0
907,1334,1.0
907,7827,1.0
907,1512,1.0
907,1903,1.0
908,2650,1.0
908,1101,1.0
908,939,1.0
908,2407,1.0
908,7784,1.0
909,1190,1.0
909,6372,1.0
909,4302,1.0
909,3236,1.0
910,2419,1.0
910,5719,1.0
910,2791,1.0
910,6057,1.0
910,7016,1.0
910,1813,1.0
911,36,1.0
911,5002,1.0
911,3675,1.0
911,508,1.0
911,1339,1.0
911,668,1.0
912,2964,1.0
912,1463,1.0
912,4164,1.0
912,6005,1.0
912,3092,1.0
912,1335,1.0
913,4032,1.0
913,1391,1.0
913,1312,1.0
913,6747,1.0
913,4073,1.0
914,402,1.0
914,2646,1.0
914,4955,1.0
914,874,1.0
914,6301,1.0
914,6587,1.0
915,2334,1.0
915,7235,1.0
915,6895,1.0
915,3204,1.0
915,423,1.0
915,3475,1.0
915,7612,1.0
916,183,1.0
916,6944,1.0
916,1224,1.0
916,7122,1.0
916,2227,1.0
916,7782,1.0
917,1642,1.0
917,918,1.0
917,3446,1.0
917,4673,1.0
917,6412,1.0
918,7636,1.0
918,1194,1.0
918,6449,1.0
918,5486,1.0
918,6012,1.0
919,7706,1.0
919,3911,1.0
919,3187,1.0
919,3122,1.0
919,623,1.0
919,7642,1.0
920,6698,1.0
920,370,1.0
920,1492,1.0
920,7555,1.0
920,6663,1.0
920,7474,1.0
920,2912,1.0
921,2855,1.0
921,2902,1.0
921,3648,1.0
921,1514,1.0
922,2902,1.0
922,582,1.0
922,6717,1.0
922,7107,1.0
922,7459,1.0
922,3352,1.0
923,2985,1.0
923,6480,1.0
923,99,1.0
923,7078,1.0
923,3354,1.0
924,2505,1.0
924,644,1.0
924,7860,1.0
924,525,1.0
924,4567,1.0
924,3862,1.0
925,328,1.0
925,3424,1.0
925,641,1.0
925,2468,1.0
925,5280,1.0
926,6290,1.0
926,6311,1.0
926,6146,1.0
926,4767,1.0
926,5719,1.0
927,2565,1.0
927,5126,1.0
927,5483,1.0
927,293,1.0
927,6290,1.0
927,6180,1.0
927,7602,1.0
928,4646,1.0
928,2208,1.0
928,6800,1.0
929,5278,1.0
929,4793,1.0
929,6694,1.0
929,3271,1.0
929,3547,1.0
929,6910,1.0
930,2227,1.0
930,7018,1.0
930,3162,1.0
930,3843,1.0
931,927,1.0
931,2991,1.0
931,6914,1.0
932,7793,1.0
932,2603,1.0
932,3567,1.0
932,65,1.0
932,2955,1.0
933,1155,1.0
933,7229,1.0
933,6553,1.0
933,6868,1.0
933,4940,1.0
933,1457,1.0
934,6794,1.0
934,4923,1.0
934,372,1.0
934,1771,1.0
934,3214,1.0
934,1944,1.0
935,5146,1.0
935,2483,1.0
935,1401,1.0
935,575,1.0
936,6181,1.0
936,7863,1.0
936,4067,1.0
937,1739,1.0
937,1461,1.0
937,1002,1.0
937,4526,1.0
938,2064,1.0
938,7200,1.0
938,3029,1.0
938,3750,1.0
939,4985,1.0
939,3774,1.0
939,2552,1.0
939,6453,1.0
939,2751,1.0
939,870,1.0
939,6428,1.0
940,4801,1.0
940,3324,1.0
940,1622,1.0
940,7268,1.0
940,4506,1.0
941,6543,1.0
941,1681,1.0
941,3933,1.0
941,1834,1.0
941,3996,1.0
941,6254,1.0
941,4572,1.0
942,3603,1.0
942,7737,1.0
942,1792,1.0
942,6932,1.0
942,6509,1.0
942,4633,1.0
942,2709,1.0
943,6284,1.0
943,3889,1.0
943,1407,1.0
943,5152,1.0
944,1906,1.0
944,2934,1.0
944,4144,1.0
944,5589,1.0
944,4981,1.0
944,6326,1.0
945,5195,1.0
945,7257,1.0
945,4976,1.0
945,3334,1.0
945,2728,1.0
945,4700,1.0
946,7575,1.0
946,1994,1.0
946,634,1.0
946,4269,1.0
946,6952,1.0
946,7561,1.0
947,4239,1.0
947,4236,1.0
947,6611,1.0
947,2134,1.0
947,2202,1.0
947,1608,1.0
948,1059,1.0
948,2585,1.0
948,3313,1.0
949,2618,1.0
949,1738,1.0
949,2334,1.0
949,5831,1.0
949,930,1.0
949,1445,1.0
949,6313,1.0
950,7156,1.0
950,7845,1.0
950,64,1.0
950,2904,1.0
950,2625,1.0
950,3926,1.0
951,809,1.0
951,4605,1.0
951,5639,1.0
952,7872,1.0
952,7169,1.0
952,7176,1.0
953,1717,1.0
953,3747,1.0
953,4824,1.0
954,7340,1.0
954,1101,1.0
954,1409,1.0
954,4,1.0
954,4869,1.0
955,2176,1.0
955,457,1.0
955,470,1.0
955,6390,1.0
955,285,1.0
956,3275,1.0
956,3934,1.0
956,4178,1.0
956,1741,1.0
956,255,1.0
957,5248,1.0
957,3882,1.0
957,6678,1.0
957,7303,1.0
957,287,1.0
957,4817,1.0
957,5054,1.0
958,4532,1.0
958,2395,1.0
958,297,1.0
958,2661,1.0
958,397,1.0
958,3071,1.0
958,1514,1.0
959,646,1.0
959,6810,1.0
959,2859,1.0
959,2674,1.0
959,344,1.0
960,532,1.0
960,4289,1.0
960,3582,1.0
961,1582,1.0
961,1290,1.0
961,6078,1.0
961,5986,1.0
961,4668,1.0
961,3562,1.0
961,55,1.0
962,363,1.0
962,1653,1.0
962,1731,1.0
962,6284,1.0
962,5233,1.0
962,3783,1.0
963,4745,1.0
963,5712,1.0
963,5414,1.0
963,4075,1.0
963,898,1.0
964,6112,1.0
964,7802,1.0
964,620,1.0
964,5933,1.0
965,139,1.0
965,2777,1.0
965,2730,1.0
965,1227,1.0
965,328,1.0
966,4724,1.0
966,7886,1.0
966,7728,1.0
966,4232,1.0
966,3771,1.0
966,7484,1.0
966,7087,1.0
967,4782,1.0
967,1610,1.0
967,1317,1.0
967,2250,1.0
968,7080,1.0
968,2767,1.0
968,5391,1.0
968,5752,1.0
968,3430,1.0
969,1419,1.0
969,5707,1.0
969,4771,1.0
970,4937,1.0
970,5008,1.0
970,1271,1.0
970,6698,1.0
971,7886,1.0
971,11,1.0
971,5610,1.0
971,7608,1.0
971,1293,1.0
971,4430,1.0
972,3870,1.0
972,7340,1.0
972,1728,1.0
972,4650,1.0
972,7091,1.0
973,6277,1.0
973,6720,1.0
973,1932,1.0
974,6679,1.0
974,1709,1.0
974,6572,1.0
974,7853,1.0
975,5,1.0
975,2282,1.0
975,4887,1.0
975,6521,1.0
975,4054,1.0
975,188,1.0
975,7513,1.0
976,532,1.0
976,811,1.0
976,6696,1.0
976,2429,1.0
976,3530,1.0
976,7852,1.0
976,2555,1.0
977,4966,1.0
977,6051,1.0
977,3004,1.0
977,653,1.0
977,5465,1.0
977,1715,1.0
978,1927,1.0
978,2154,1.0
978,3301,1.0
978,2076,1.0
979,7151,1.0
979,6968,1.0
979,7735,1.0
979,874,1.0
979,5018,1.0
979,1991,1.0
979,1311,1.0
980,4306,1.0
980,2923,1.0
980,5046,1.0
980,1594,1.0
981,887,1.0
981,3329,1.0
981,3333,1.0
981,3067,1.0
981,105,1.0
981,6498,1.0
982,5230,1.0
982,5068,1.0
982,6236,1.0
982,3533,1.0
982,7679,1.0
982,1280,1.0
983,6625,1.0
983,5515,1.0
983,3269,1.0
983,6998,1.0
983,7668,1.0
983,1037,1.0
984,2000,1.0
984,6575,1.0
984,6262,1.0
984,3550,1.0
984,485,1.0
984,3229,1.0
984,3994,1.0
985,6171,1.0
985,2716,1.0
985,5440,1.0
986,3344,1.0
986,4292,1.0
986,3036,1.0
986,6101,1.0
986,3359,1.0
986,3104,1.0
986,1599,1.0
987,3448,1.0
987,6884,1.0
987,850,1.0
988,6586,1.0
988,3624,1.0
988,5212,1.0
988,2678,1.0
988,6659,1.0
989,7525,1.0
989,4155,1.0
989,6611,1.0
989,767,1.0
989,1579,1.0
990,2690,1.0
990,2511,1.0
990,1343,1.0
990,1864,1.0
991,2658,1.0
991,2444,1.0
991,456,1.0
991,2571,1.0
991,3811,1.0
991,1255,1.0
991,6056,1.0
992,1126,1.0
992,367,1.0
992,26,1.0
992,1734,1.0
992,5075,1.0
992,7304,1.0
992,6157,1.0
993,7740,1.0
993,4395,1.0
993,415,1.0
994,58,1.0
994,3435,1.0
994,6681,1.0
994,4046,1.0
995,7594,1.0
995,1643,1.0
995,7131,1.0
995,5662,1.0
995,6656,1.0
995,3293,1.0
995,1723,1.0
996,4661,1.0
996,3866,1.0
996,7265,1.0
996,4983,1.0
996,6857,1.0
996,7176,1.0
997,7000,1.0
997,6470,1.0
997,3213,1.0
997,7147,1.0
997,388,1.0
997,4193,1.0
998,3188,1.0
998,5630,1.0
998,362,1.0
998,1790,1.0
998,3373,1.0
998,3913,1.0
999,888,1.0
999,7428,1.0
999,7657,1.0
999,4075,1.0
999,1632,1.0
999,4220,1.0
